ColumnHeader,Measurement,Nitrogen,Irrigation,Treatment,Depth,Plot,Block,Sensor,Units,Summary,MUX,Port
TIMESTAMP,Expt,Expt,Expt,Expt,Expt,Expt,Expt,Expt,Expt,Expt,Expt,Expt
RECORD,Expt,Expt,Expt,Expt,Expt,Expt,Expt,Expt,Expt,Expt,Expt,Expt
BattV_Avg,Expt,Expt,Expt,Expt,Expt,Expt,Expt,Expt,Expt,Expt,Expt,Expt
PTemp_C_Avg,Expt,Expt,Expt,Expt,Expt,Expt,Expt,Expt,Expt,Expt,Expt,Expt
"CS650(1,1)",VolumetricWaterContent,0,Dryland,4,D1I,105,1,1,mm3/mm3,Samp,1,1
"CS650(1,2)",ElectricalConductivity,0,Dryland,4,D1I,105,1,1,dS/m,Samp,1,1
"CS650(1,3)",Temperature,0,Dryland,4,D1I,105,1,1,oC,Samp,1,1
"CS650(1,4)",Permittivity,0,Dryland,4,D1I,105,1,1,-,Samp,1,1
"CS650(1,5)",Period,0,Dryland,4,D1I,105,1,1,uSec,Samp,1,1
"CS650(1,6)",VoltageRatio,0,Dryland,4,D1I,105,1,1,-,Samp,1,1
"CS650(2,1)",VolumetricWaterContent,0,Dryland,4,D1B,105,1,2,mm3/mm3,Samp,1,2
"CS650(2,2)",ElectricalConductivity,0,Dryland,4,D1B,105,1,2,dS/m,Samp,1,2
"CS650(2,3)",Temperature,0,Dryland,4,D1B,105,1,2,oC,Samp,1,2
"CS650(2,4)",Permittivity,0,Dryland,4,D1B,105,1,2,-,Samp,1,2
"CS650(2,5)",Period,0,Dryland,4,D1B,105,1,2,uSec,Samp,1,2
"CS650(2,6)",VoltageRatio,0,Dryland,4,D1B,105,1,2,-,Samp,1,2
"CS650(3,1)",VolumetricWaterContent,0,Dryland,4,D2,105,1,3,mm3/mm3,Samp,1,3
"CS650(3,2)",ElectricalConductivity,0,Dryland,4,D2,105,1,3,dS/m,Samp,1,3
"CS650(3,3)",Temperature,0,Dryland,4,D2,105,1,3,oC,Samp,1,3
"CS650(3,4)",Permittivity,0,Dryland,4,D2,105,1,3,-,Samp,1,3
"CS650(3,5)",Period,0,Dryland,4,D2,105,1,3,uSec,Samp,1,3
"CS650(3,6)",VoltageRatio,0,Dryland,4,D2,105,1,3,-,Samp,1,3
"CS650(4,1)",VolumetricWaterContent,0,Dryland,4,D3,105,1,4,mm3/mm3,Samp,1,4
"CS650(4,2)",ElectricalConductivity,0,Dryland,4,D3,105,1,4,dS/m,Samp,1,4
"CS650(4,3)",Temperature,0,Dryland,4,D3,105,1,4,oC,Samp,1,4
"CS650(4,4)",Permittivity,0,Dryland,4,D3,105,1,4,-,Samp,1,4
"CS650(4,5)",Period,0,Dryland,4,D3,105,1,4,uSec,Samp,1,4
"CS650(4,6)",VoltageRatio,0,Dryland,4,D3,105,1,4,-,Samp,1,4
"CS650(5,1)",VolumetricWaterContent,0,Dryland,4,D4,105,1,5,mm3/mm3,Samp,1,5
"CS650(5,2)",ElectricalConductivity,0,Dryland,4,D4,105,1,5,dS/m,Samp,1,5
"CS650(5,3)",Temperature,0,Dryland,4,D4,105,1,5,oC,Samp,1,5
"CS650(5,4)",Permittivity,0,Dryland,4,D4,105,1,5,-,Samp,1,5
"CS650(5,5)",Period,0,Dryland,4,D4,105,1,5,uSec,Samp,1,5
"CS650(5,6)",VoltageRatio,0,Dryland,4,D4,105,1,5,-,Samp,1,5
"CS650(6,1)",VolumetricWaterContent,0,Dryland,4,D5,105,1,6,mm3/mm3,Samp,1,6
"CS650(6,2)",ElectricalConductivity,0,Dryland,4,D5,105,1,6,dS/m,Samp,1,6
"CS650(6,3)",Temperature,0,Dryland,4,D5,105,1,6,oC,Samp,1,6
"CS650(6,4)",Permittivity,0,Dryland,4,D5,105,1,6,-,Samp,1,6
"CS650(6,5)",Period,0,Dryland,4,D5,105,1,6,uSec,Samp,1,6
"CS650(6,6)",VoltageRatio,0,Dryland,4,D5,105,1,6,-,Samp,1,6
"CS650(7,1)",VolumetricWaterContent,0,Dryland,4,D6,105,1,7,mm3/mm3,Samp,1,7
"CS650(7,2)",ElectricalConductivity,0,Dryland,4,D6,105,1,7,dS/m,Samp,1,7
"CS650(7,3)",Temperature,0,Dryland,4,D6,105,1,7,oC,Samp,1,7
"CS650(7,4)",Permittivity,0,Dryland,4,D6,105,1,7,-,Samp,1,7
"CS650(7,5)",Period,0,Dryland,4,D6,105,1,7,uSec,Samp,1,7
"CS650(7,6)",VoltageRatio,0,Dryland,4,D6,105,1,7,-,Samp,1,7
"CS650(8,1)",VolumetricWaterContent,0,Dryland,4,D7,105,1,8,mm3/mm3,Samp,1,8
"CS650(8,2)",ElectricalConductivity,0,Dryland,4,D7,105,1,8,dS/m,Samp,1,8
"CS650(8,3)",Temperature,0,Dryland,4,D7,105,1,8,oC,Samp,1,8
"CS650(8,4)",Permittivity,0,Dryland,4,D7,105,1,8,-,Samp,1,8
"CS650(8,5)",Period,0,Dryland,4,D7,105,1,8,uSec,Samp,1,8
"CS650(8,6)",VoltageRatio,0,Dryland,4,D7,105,1,8,-,Samp,1,8
"CS650(9,1)",VolumetricWaterContent,50,Dryland,3,D1I,106,1,9,mm3/mm3,Samp,1,9
"CS650(9,2)",ElectricalConductivity,50,Dryland,3,D1I,106,1,9,dS/m,Samp,1,9
"CS650(9,3)",Temperature,50,Dryland,3,D1I,106,1,9,oC,Samp,1,9
"CS650(9,4)",Permittivity,50,Dryland,3,D1I,106,1,9,-,Samp,1,9
"CS650(9,5)",Period,50,Dryland,3,D1I,106,1,9,uSec,Samp,1,9
"CS650(9,6)",VoltageRatio,50,Dryland,3,D1I,106,1,9,-,Samp,1,9
"CS650(10,1)",VolumetricWaterContent,50,Dryland,3,D1B,106,1,10,mm3/mm3,Samp,1,10
"CS650(10,2)",ElectricalConductivity,50,Dryland,3,D1B,106,1,10,dS/m,Samp,1,10
"CS650(10,3)",Temperature,50,Dryland,3,D1B,106,1,10,oC,Samp,1,10
"CS650(10,4)",Permittivity,50,Dryland,3,D1B,106,1,10,-,Samp,1,10
"CS650(10,5)",Period,50,Dryland,3,D1B,106,1,10,uSec,Samp,1,10
"CS650(10,6)",VoltageRatio,50,Dryland,3,D1B,106,1,10,-,Samp,1,10
"CS650(11,1)",VolumetricWaterContent,50,Dryland,3,D2,106,1,11,mm3/mm3,Samp,1,11
"CS650(11,2)",ElectricalConductivity,50,Dryland,3,D2,106,1,11,dS/m,Samp,1,11
"CS650(11,3)",Temperature,50,Dryland,3,D2,106,1,11,oC,Samp,1,11
"CS650(11,4)",Permittivity,50,Dryland,3,D2,106,1,11,-,Samp,1,11
"CS650(11,5)",Period,50,Dryland,3,D2,106,1,11,uSec,Samp,1,11
"CS650(11,6)",VoltageRatio,50,Dryland,3,D2,106,1,11,-,Samp,1,11
"CS650(12,1)",VolumetricWaterContent,50,Dryland,3,D3,106,1,12,mm3/mm3,Samp,1,12
"CS650(12,2)",ElectricalConductivity,50,Dryland,3,D3,106,1,12,dS/m,Samp,1,12
"CS650(12,3)",Temperature,50,Dryland,3,D3,106,1,12,oC,Samp,1,12
"CS650(12,4)",Permittivity,50,Dryland,3,D3,106,1,12,-,Samp,1,12
"CS650(12,5)",Period,50,Dryland,3,D3,106,1,12,uSec,Samp,1,12
"CS650(12,6)",VoltageRatio,50,Dryland,3,D3,106,1,12,-,Samp,1,12
"CS650(13,1)",VolumetricWaterContent,50,Dryland,3,D4,106,1,13,mm3/mm3,Samp,1,13
"CS650(13,2)",ElectricalConductivity,50,Dryland,3,D4,106,1,13,dS/m,Samp,1,13
"CS650(13,3)",Temperature,50,Dryland,3,D4,106,1,13,oC,Samp,1,13
"CS650(13,4)",Permittivity,50,Dryland,3,D4,106,1,13,-,Samp,1,13
"CS650(13,5)",Period,50,Dryland,3,D4,106,1,13,uSec,Samp,1,13
"CS650(13,6)",VoltageRatio,50,Dryland,3,D4,106,1,13,-,Samp,1,13
"CS650(14,1)",VolumetricWaterContent,50,Dryland,3,D5,106,1,14,mm3/mm3,Samp,1,14
"CS650(14,2)",ElectricalConductivity,50,Dryland,3,D5,106,1,14,dS/m,Samp,1,14
"CS650(14,3)",Temperature,50,Dryland,3,D5,106,1,14,oC,Samp,1,14
"CS650(14,4)",Permittivity,50,Dryland,3,D5,106,1,14,-,Samp,1,14
"CS650(14,5)",Period,50,Dryland,3,D5,106,1,14,uSec,Samp,1,14
"CS650(14,6)",VoltageRatio,50,Dryland,3,D5,106,1,14,-,Samp,1,14
"CS650(15,1)",VolumetricWaterContent,50,Dryland,3,D6,106,1,15,mm3/mm3,Samp,1,15
"CS650(15,2)",ElectricalConductivity,50,Dryland,3,D6,106,1,15,dS/m,Samp,1,15
"CS650(15,3)",Temperature,50,Dryland,3,D6,106,1,15,oC,Samp,1,15
"CS650(15,4)",Permittivity,50,Dryland,3,D6,106,1,15,-,Samp,1,15
"CS650(15,5)",Period,50,Dryland,3,D6,106,1,15,uSec,Samp,1,15
"CS650(15,6)",VoltageRatio,50,Dryland,3,D6,106,1,15,-,Samp,1,15
"CS650(16,1)",VolumetricWaterContent,50,Dryland,3,D7,106,1,16,mm3/mm3,Samp,1,16
"CS650(16,2)",ElectricalConductivity,50,Dryland,3,D7,106,1,16,dS/m,Samp,1,16
"CS650(16,3)",Temperature,50,Dryland,3,D7,106,1,16,oC,Samp,1,16
"CS650(16,4)",Permittivity,50,Dryland,3,D7,106,1,16,-,Samp,1,16
"CS650(16,5)",Period,50,Dryland,3,D7,106,1,16,uSec,Samp,1,16
"CS650(16,6)",VoltageRatio,50,Dryland,3,D7,106,1,16,-,Samp,1,16
"CS650(17,1)",VolumetricWaterContent,50,Irrigated,3,D1I,107,2,17,mm3/mm3,Samp,1,17
"CS650(17,2)",ElectricalConductivity,50,Irrigated,3,D1I,107,2,17,dS/m,Samp,1,17
"CS650(17,3)",Temperature,50,Irrigated,3,D1I,107,2,17,oC,Samp,1,17
"CS650(17,4)",Permittivity,50,Irrigated,3,D1I,107,2,17,-,Samp,1,17
"CS650(17,5)",Period,50,Irrigated,3,D1I,107,2,17,uSec,Samp,1,17
"CS650(17,6)",VoltageRatio,50,Irrigated,3,D1I,107,2,17,-,Samp,1,17
"CS650(18,1)",VolumetricWaterContent,50,Irrigated,3,D1B,107,2,18,mm3/mm3,Samp,1,18
"CS650(18,2)",ElectricalConductivity,50,Irrigated,3,D1B,107,2,18,dS/m,Samp,1,18
"CS650(18,3)",Temperature,50,Irrigated,3,D1B,107,2,18,oC,Samp,1,18
"CS650(18,4)",Permittivity,50,Irrigated,3,D1B,107,2,18,-,Samp,1,18
"CS650(18,5)",Period,50,Irrigated,3,D1B,107,2,18,uSec,Samp,1,18
"CS650(18,6)",VoltageRatio,50,Irrigated,3,D1B,107,2,18,-,Samp,1,18
"CS650(19,1)",VolumetricWaterContent,50,Irrigated,3,D2,107,2,19,mm3/mm3,Samp,1,19
"CS650(19,2)",ElectricalConductivity,50,Irrigated,3,D2,107,2,19,dS/m,Samp,1,19
"CS650(19,3)",Temperature,50,Irrigated,3,D2,107,2,19,oC,Samp,1,19
"CS650(19,4)",Permittivity,50,Irrigated,3,D2,107,2,19,-,Samp,1,19
"CS650(19,5)",Period,50,Irrigated,3,D2,107,2,19,uSec,Samp,1,19
"CS650(19,6)",VoltageRatio,50,Irrigated,3,D2,107,2,19,-,Samp,1,19
"CS650(20,1)",VolumetricWaterContent,50,Irrigated,3,D3,107,2,20,mm3/mm3,Samp,1,20
"CS650(20,2)",ElectricalConductivity,50,Irrigated,3,D3,107,2,20,dS/m,Samp,1,20
"CS650(20,3)",Temperature,50,Irrigated,3,D3,107,2,20,oC,Samp,1,20
"CS650(20,4)",Permittivity,50,Irrigated,3,D3,107,2,20,-,Samp,1,20
"CS650(20,5)",Period,50,Irrigated,3,D3,107,2,20,uSec,Samp,1,20
"CS650(20,6)",VoltageRatio,50,Irrigated,3,D3,107,2,20,-,Samp,1,20
"CS650(21,1)",VolumetricWaterContent,50,Irrigated,3,D4,107,2,21,mm3/mm3,Samp,1,21
"CS650(21,2)",ElectricalConductivity,50,Irrigated,3,D4,107,2,21,dS/m,Samp,1,21
"CS650(21,3)",Temperature,50,Irrigated,3,D4,107,2,21,oC,Samp,1,21
"CS650(21,4)",Permittivity,50,Irrigated,3,D4,107,2,21,-,Samp,1,21
"CS650(21,5)",Period,50,Irrigated,3,D4,107,2,21,uSec,Samp,1,21
"CS650(21,6)",VoltageRatio,50,Irrigated,3,D4,107,2,21,-,Samp,1,21
"CS650(22,1)",VolumetricWaterContent,50,Irrigated,3,D5,107,2,22,mm3/mm3,Samp,1,22
"CS650(22,2)",ElectricalConductivity,50,Irrigated,3,D5,107,2,22,dS/m,Samp,1,22
"CS650(22,3)",Temperature,50,Irrigated,3,D5,107,2,22,oC,Samp,1,22
"CS650(22,4)",Permittivity,50,Irrigated,3,D5,107,2,22,-,Samp,1,22
"CS650(22,5)",Period,50,Irrigated,3,D5,107,2,22,uSec,Samp,1,22
"CS650(22,6)",VoltageRatio,50,Irrigated,3,D5,107,2,22,-,Samp,1,22
"CS650(23,1)",VolumetricWaterContent,50,Irrigated,3,D6,107,2,23,mm3/mm3,Samp,1,23
"CS650(23,2)",ElectricalConductivity,50,Irrigated,3,D6,107,2,23,dS/m,Samp,1,23
"CS650(23,3)",Temperature,50,Irrigated,3,D6,107,2,23,oC,Samp,1,23
"CS650(23,4)",Permittivity,50,Irrigated,3,D6,107,2,23,-,Samp,1,23
"CS650(23,5)",Period,50,Irrigated,3,D6,107,2,23,uSec,Samp,1,23
"CS650(23,6)",VoltageRatio,50,Irrigated,3,D6,107,2,23,-,Samp,1,23
"CS650(24,1)",VolumetricWaterContent,50,Irrigated,3,D7,107,2,24,mm3/mm3,Samp,1,24
"CS650(24,2)",ElectricalConductivity,50,Irrigated,3,D7,107,2,24,dS/m,Samp,1,24
"CS650(24,3)",Temperature,50,Irrigated,3,D7,107,2,24,oC,Samp,1,24
"CS650(24,4)",Permittivity,50,Irrigated,3,D7,107,2,24,-,Samp,1,24
"CS650(24,5)",Period,50,Irrigated,3,D7,107,2,24,uSec,Samp,1,24
"CS650(24,6)",VoltageRatio,50,Irrigated,3,D7,107,2,24,-,Samp,1,24
"CS650(25,1)",VolumetricWaterContent,0,Dryland,6,D1I,108,2,25,mm3/mm3,Samp,1,25
"CS650(25,2)",ElectricalConductivity,0,Dryland,6,D1I,108,2,25,dS/m,Samp,1,25
"CS650(25,3)",Temperature,0,Dryland,6,D1I,108,2,25,oC,Samp,1,25
"CS650(25,4)",Permittivity,0,Dryland,6,D1I,108,2,25,-,Samp,1,25
"CS650(25,5)",Period,0,Dryland,6,D1I,108,2,25,uSec,Samp,1,25
"CS650(25,6)",VoltageRatio,0,Dryland,6,D1I,108,2,25,-,Samp,1,25
"CS650(26,1)",VolumetricWaterContent,0,Dryland,6,D1B,108,2,26,mm3/mm3,Samp,1,26
"CS650(26,2)",ElectricalConductivity,0,Dryland,6,D1B,108,2,26,dS/m,Samp,1,26
"CS650(26,3)",Temperature,0,Dryland,6,D1B,108,2,26,oC,Samp,1,26
"CS650(26,4)",Permittivity,0,Dryland,6,D1B,108,2,26,-,Samp,1,26
"CS650(26,5)",Period,0,Dryland,6,D1B,108,2,26,uSec,Samp,1,26
"CS650(26,6)",VoltageRatio,0,Dryland,6,D1B,108,2,26,-,Samp,1,26
"CS650(27,1)",VolumetricWaterContent,0,Dryland,6,D2,108,2,27,mm3/mm3,Samp,1,27
"CS650(27,2)",ElectricalConductivity,0,Dryland,6,D2,108,2,27,dS/m,Samp,1,27
"CS650(27,3)",Temperature,0,Dryland,6,D2,108,2,27,oC,Samp,1,27
"CS650(27,4)",Permittivity,0,Dryland,6,D2,108,2,27,-,Samp,1,27
"CS650(27,5)",Period,0,Dryland,6,D2,108,2,27,uSec,Samp,1,27
"CS650(27,6)",VoltageRatio,0,Dryland,6,D2,108,2,27,-,Samp,1,27
"CS650(28,1)",VolumetricWaterContent,0,Dryland,6,D3,108,2,28,mm3/mm3,Samp,1,28
"CS650(28,2)",ElectricalConductivity,0,Dryland,6,D3,108,2,28,dS/m,Samp,1,28
"CS650(28,3)",Temperature,0,Dryland,6,D3,108,2,28,oC,Samp,1,28
"CS650(28,4)",Permittivity,0,Dryland,6,D3,108,2,28,-,Samp,1,28
"CS650(28,5)",Period,0,Dryland,6,D3,108,2,28,uSec,Samp,1,28
"CS650(28,6)",VoltageRatio,0,Dryland,6,D3,108,2,28,-,Samp,1,28
"CS650(29,1)",VolumetricWaterContent,0,Dryland,6,D4,108,2,29,mm3/mm3,Samp,1,29
"CS650(29,2)",ElectricalConductivity,0,Dryland,6,D4,108,2,29,dS/m,Samp,1,29
"CS650(29,3)",Temperature,0,Dryland,6,D4,108,2,29,oC,Samp,1,29
"CS650(29,4)",Permittivity,0,Dryland,6,D4,108,2,29,-,Samp,1,29
"CS650(29,5)",Period,0,Dryland,6,D4,108,2,29,uSec,Samp,1,29
"CS650(29,6)",VoltageRatio,0,Dryland,6,D4,108,2,29,-,Samp,1,29
"CS650(30,1)",VolumetricWaterContent,0,Dryland,6,D5,108,2,30,mm3/mm3,Samp,1,30
"CS650(30,2)",ElectricalConductivity,0,Dryland,6,D5,108,2,30,dS/m,Samp,1,30
"CS650(30,3)",Temperature,0,Dryland,6,D5,108,2,30,oC,Samp,1,30
"CS650(30,4)",Permittivity,0,Dryland,6,D5,108,2,30,-,Samp,1,30
"CS650(30,5)",Period,0,Dryland,6,D5,108,2,30,uSec,Samp,1,30
"CS650(30,6)",VoltageRatio,0,Dryland,6,D5,108,2,30,-,Samp,1,30
"CS650(31,1)",VolumetricWaterContent,0,Dryland,6,D6,108,2,31,mm3/mm3,Samp,1,31
"CS650(31,2)",ElectricalConductivity,0,Dryland,6,D6,108,2,31,dS/m,Samp,1,31
"CS650(31,3)",Temperature,0,Dryland,6,D6,108,2,31,oC,Samp,1,31
"CS650(31,4)",Permittivity,0,Dryland,6,D6,108,2,31,-,Samp,1,31
"CS650(31,5)",Period,0,Dryland,6,D6,108,2,31,uSec,Samp,1,31
"CS650(31,6)",VoltageRatio,0,Dryland,6,D6,108,2,31,-,Samp,1,31
"CS650(32,1)",VolumetricWaterContent,0,Dryland,6,D7,108,2,32,mm3/mm3,Samp,1,32
"CS650(32,2)",ElectricalConductivity,0,Dryland,6,D7,108,2,32,dS/m,Samp,1,32
"CS650(32,3)",Temperature,0,Dryland,6,D7,108,2,32,oC,Samp,1,32
"CS650(32,4)",Permittivity,0,Dryland,6,D7,108,2,32,-,Samp,1,32
"CS650(32,5)",Period,0,Dryland,6,D7,108,2,32,uSec,Samp,1,32
"CS650(32,6)",VoltageRatio,0,Dryland,6,D7,108,2,32,-,Samp,1,32
"CS650(33,1)",VolumetricWaterContent,250,Dryland,2,D1I,109,2,33,mm3/mm3,Samp,2,1
"CS650(33,2)",ElectricalConductivity,250,Dryland,2,D1I,109,2,33,dS/m,Samp,2,1
"CS650(33,3)",Temperature,250,Dryland,2,D1I,109,2,33,oC,Samp,2,1
"CS650(33,4)",Permittivity,250,Dryland,2,D1I,109,2,33,-,Samp,2,1
"CS650(33,5)",Period,250,Dryland,2,D1I,109,2,33,uSec,Samp,2,1
"CS650(33,6)",VoltageRatio,250,Dryland,2,D1I,109,2,33,-,Samp,2,1
"CS650(34,1)",VolumetricWaterContent,250,Dryland,2,D1B,109,2,34,mm3/mm3,Samp,2,2
"CS650(34,2)",ElectricalConductivity,250,Dryland,2,D1B,109,2,34,dS/m,Samp,2,2
"CS650(34,3)",Temperature,250,Dryland,2,D1B,109,2,34,oC,Samp,2,2
"CS650(34,4)",Permittivity,250,Dryland,2,D1B,109,2,34,-,Samp,2,2
"CS650(34,5)",Period,250,Dryland,2,D1B,109,2,34,uSec,Samp,2,2
"CS650(34,6)",VoltageRatio,250,Dryland,2,D1B,109,2,34,-,Samp,2,2
"CS650(35,1)",VolumetricWaterContent,250,Dryland,2,D2,109,2,35,mm3/mm3,Samp,2,3
"CS650(35,2)",ElectricalConductivity,250,Dryland,2,D2,109,2,35,dS/m,Samp,2,3
"CS650(35,3)",Temperature,250,Dryland,2,D2,109,2,35,oC,Samp,2,3
"CS650(35,4)",Permittivity,250,Dryland,2,D2,109,2,35,-,Samp,2,3
"CS650(35,5)",Period,250,Dryland,2,D2,109,2,35,uSec,Samp,2,3
"CS650(35,6)",VoltageRatio,250,Dryland,2,D2,109,2,35,-,Samp,2,3
"CS650(36,1)",VolumetricWaterContent,250,Dryland,2,D3,109,2,36,mm3/mm3,Samp,2,4
"CS650(36,2)",ElectricalConductivity,250,Dryland,2,D3,109,2,36,dS/m,Samp,2,4
"CS650(36,3)",Temperature,250,Dryland,2,D3,109,2,36,oC,Samp,2,4
"CS650(36,4)",Permittivity,250,Dryland,2,D3,109,2,36,-,Samp,2,4
"CS650(36,5)",Period,250,Dryland,2,D3,109,2,36,uSec,Samp,2,4
"CS650(36,6)",VoltageRatio,250,Dryland,2,D3,109,2,36,-,Samp,2,4
"CS650(37,1)",VolumetricWaterContent,250,Dryland,2,D4,109,2,37,mm3/mm3,Samp,2,5
"CS650(37,2)",ElectricalConductivity,250,Dryland,2,D4,109,2,37,dS/m,Samp,2,5
"CS650(37,3)",Temperature,250,Dryland,2,D4,109,2,37,oC,Samp,2,5
"CS650(37,4)",Permittivity,250,Dryland,2,D4,109,2,37,-,Samp,2,5
"CS650(37,5)",Period,250,Dryland,2,D4,109,2,37,uSec,Samp,2,5
"CS650(37,6)",VoltageRatio,250,Dryland,2,D4,109,2,37,-,Samp,2,5
"CS650(38,1)",VolumetricWaterContent,250,Dryland,2,D5,109,2,38,mm3/mm3,Samp,2,6
"CS650(38,2)",ElectricalConductivity,250,Dryland,2,D5,109,2,38,dS/m,Samp,2,6
"CS650(38,3)",Temperature,250,Dryland,2,D5,109,2,38,oC,Samp,2,6
"CS650(38,4)",Permittivity,250,Dryland,2,D5,109,2,38,-,Samp,2,6
"CS650(38,5)",Period,250,Dryland,2,D5,109,2,38,uSec,Samp,2,6
"CS650(38,6)",VoltageRatio,250,Dryland,2,D5,109,2,38,-,Samp,2,6
"CS650(39,1)",VolumetricWaterContent,250,Dryland,2,D6,109,2,39,mm3/mm3,Samp,2,7
"CS650(39,2)",ElectricalConductivity,250,Dryland,2,D6,109,2,39,dS/m,Samp,2,7
"CS650(39,3)",Temperature,250,Dryland,2,D6,109,2,39,oC,Samp,2,7
"CS650(39,4)",Permittivity,250,Dryland,2,D6,109,2,39,-,Samp,2,7
"CS650(39,5)",Period,250,Dryland,2,D6,109,2,39,uSec,Samp,2,7
"CS650(39,6)",VoltageRatio,250,Dryland,2,D6,109,2,39,-,Samp,2,7
"CS650(40,1)",VolumetricWaterContent,250,Dryland,2,D7,109,2,40,mm3/mm3,Samp,2,8
"CS650(40,2)",ElectricalConductivity,250,Dryland,2,D7,109,2,40,dS/m,Samp,2,8
"CS650(40,3)",Temperature,250,Dryland,2,D7,109,2,40,oC,Samp,2,8
"CS650(40,4)",Permittivity,250,Dryland,2,D7,109,2,40,-,Samp,2,8
"CS650(40,5)",Period,250,Dryland,2,D7,109,2,40,uSec,Samp,2,8
"CS650(40,6)",VoltageRatio,250,Dryland,2,D7,109,2,40,-,Samp,2,8
"CS650(41,1)",VolumetricWaterContent,250,Irrigated,4,D1I,110,2,41,mm3/mm3,Samp,2,9
"CS650(41,2)",ElectricalConductivity,250,Irrigated,4,D1I,110,2,41,dS/m,Samp,2,9
"CS650(41,3)",Temperature,250,Irrigated,4,D1I,110,2,41,oC,Samp,2,9
"CS650(41,4)",Permittivity,250,Irrigated,4,D1I,110,2,41,-,Samp,2,9
"CS650(41,5)",Period,250,Irrigated,4,D1I,110,2,41,uSec,Samp,2,9
"CS650(41,6)",VoltageRatio,250,Irrigated,4,D1I,110,2,41,-,Samp,2,9
"CS650(42,1)",VolumetricWaterContent,250,Irrigated,4,D1B,110,2,42,mm3/mm3,Samp,2,10
"CS650(42,2)",ElectricalConductivity,250,Irrigated,4,D1B,110,2,42,dS/m,Samp,2,10
"CS650(42,3)",Temperature,250,Irrigated,4,D1B,110,2,42,oC,Samp,2,10
"CS650(42,4)",Permittivity,250,Irrigated,4,D1B,110,2,42,-,Samp,2,10
"CS650(42,5)",Period,250,Irrigated,4,D1B,110,2,42,uSec,Samp,2,10
"CS650(42,6)",VoltageRatio,250,Irrigated,4,D1B,110,2,42,-,Samp,2,10
"CS650(43,1)",VolumetricWaterContent,250,Irrigated,4,D2,110,2,43,mm3/mm3,Samp,2,11
"CS650(43,2)",ElectricalConductivity,250,Irrigated,4,D2,110,2,43,dS/m,Samp,2,11
"CS650(43,3)",Temperature,250,Irrigated,4,D2,110,2,43,oC,Samp,2,11
"CS650(43,4)",Permittivity,250,Irrigated,4,D2,110,2,43,-,Samp,2,11
"CS650(43,5)",Period,250,Irrigated,4,D2,110,2,43,uSec,Samp,2,11
"CS650(43,6)",VoltageRatio,250,Irrigated,4,D2,110,2,43,-,Samp,2,11
"CS650(44,1)",VolumetricWaterContent,250,Irrigated,4,D3,110,2,44,mm3/mm3,Samp,2,12
"CS650(44,2)",ElectricalConductivity,250,Irrigated,4,D3,110,2,44,dS/m,Samp,2,12
"CS650(44,3)",Temperature,250,Irrigated,4,D3,110,2,44,oC,Samp,2,12
"CS650(44,4)",Permittivity,250,Irrigated,4,D3,110,2,44,-,Samp,2,12
"CS650(44,5)",Period,250,Irrigated,4,D3,110,2,44,uSec,Samp,2,12
"CS650(44,6)",VoltageRatio,250,Irrigated,4,D3,110,2,44,-,Samp,2,12
"CS650(45,1)",VolumetricWaterContent,250,Irrigated,4,D4,110,2,45,mm3/mm3,Samp,2,13
"CS650(45,2)",ElectricalConductivity,250,Irrigated,4,D4,110,2,45,dS/m,Samp,2,13
"CS650(45,3)",Temperature,250,Irrigated,4,D4,110,2,45,oC,Samp,2,13
"CS650(45,4)",Permittivity,250,Irrigated,4,D4,110,2,45,-,Samp,2,13
"CS650(45,5)",Period,250,Irrigated,4,D4,110,2,45,uSec,Samp,2,13
"CS650(45,6)",VoltageRatio,250,Irrigated,4,D4,110,2,45,-,Samp,2,13
"CS650(46,1)",VolumetricWaterContent,250,Irrigated,4,D5,110,2,46,mm3/mm3,Samp,2,14
"CS650(46,2)",ElectricalConductivity,250,Irrigated,4,D5,110,2,46,dS/m,Samp,2,14
"CS650(46,3)",Temperature,250,Irrigated,4,D5,110,2,46,oC,Samp,2,14
"CS650(46,4)",Permittivity,250,Irrigated,4,D5,110,2,46,-,Samp,2,14
"CS650(46,5)",Period,250,Irrigated,4,D5,110,2,46,uSec,Samp,2,14
"CS650(46,6)",VoltageRatio,250,Irrigated,4,D5,110,2,46,-,Samp,2,14
"CS650(47,1)",VolumetricWaterContent,250,Irrigated,4,D6,110,2,47,mm3/mm3,Samp,2,15
"CS650(47,2)",ElectricalConductivity,250,Irrigated,4,D6,110,2,47,dS/m,Samp,2,15
"CS650(47,3)",Temperature,250,Irrigated,4,D6,110,2,47,oC,Samp,2,15
"CS650(47,4)",Permittivity,250,Irrigated,4,D6,110,2,47,-,Samp,2,15
"CS650(47,5)",Period,250,Irrigated,4,D6,110,2,47,uSec,Samp,2,15
"CS650(47,6)",VoltageRatio,250,Irrigated,4,D6,110,2,47,-,Samp,2,15
"CS650(48,1)",VolumetricWaterContent,250,Irrigated,4,D7,110,2,48,mm3/mm3,Samp,2,16
"CS650(48,2)",ElectricalConductivity,250,Irrigated,4,D7,110,2,48,dS/m,Samp,2,16
"CS650(48,3)",Temperature,250,Irrigated,4,D7,110,2,48,oC,Samp,2,16
"CS650(48,4)",Permittivity,250,Irrigated,4,D7,110,2,48,-,Samp,2,16
"CS650(48,5)",Period,250,Irrigated,4,D7,110,2,48,uSec,Samp,2,16
"CS650(48,6)",VoltageRatio,250,Irrigated,4,D7,110,2,48,-,Samp,2,16
"CS650(49,1)",VolumetricWaterContent,0,Irrigated,1,D1I,111,2,49,mm3/mm3,Samp,2,17
"CS650(49,2)",ElectricalConductivity,0,Irrigated,1,D1I,111,2,49,dS/m,Samp,2,17
"CS650(49,3)",Temperature,0,Irrigated,1,D1I,111,2,49,oC,Samp,2,17
"CS650(49,4)",Permittivity,0,Irrigated,1,D1I,111,2,49,-,Samp,2,17
"CS650(49,5)",Period,0,Irrigated,1,D1I,111,2,49,uSec,Samp,2,17
"CS650(49,6)",VoltageRatio,0,Irrigated,1,D1I,111,2,49,-,Samp,2,17
"CS650(50,1)",VolumetricWaterContent,0,Irrigated,1,D1B,111,2,50,mm3/mm3,Samp,2,18
"CS650(50,2)",ElectricalConductivity,0,Irrigated,1,D1B,111,2,50,dS/m,Samp,2,18
"CS650(50,3)",Temperature,0,Irrigated,1,D1B,111,2,50,oC,Samp,2,18
"CS650(50,4)",Permittivity,0,Irrigated,1,D1B,111,2,50,-,Samp,2,18
"CS650(50,5)",Period,0,Irrigated,1,D1B,111,2,50,uSec,Samp,2,18
"CS650(50,6)",VoltageRatio,0,Irrigated,1,D1B,111,2,50,-,Samp,2,18
"CS650(51,1)",VolumetricWaterContent,0,Irrigated,1,D2,111,2,51,mm3/mm3,Samp,2,19
"CS650(51,2)",ElectricalConductivity,0,Irrigated,1,D2,111,2,51,dS/m,Samp,2,19
"CS650(51,3)",Temperature,0,Irrigated,1,D2,111,2,51,oC,Samp,2,19
"CS650(51,4)",Permittivity,0,Irrigated,1,D2,111,2,51,-,Samp,2,19
"CS650(51,5)",Period,0,Irrigated,1,D2,111,2,51,uSec,Samp,2,19
"CS650(51,6)",VoltageRatio,0,Irrigated,1,D2,111,2,51,-,Samp,2,19
"CS650(52,1)",VolumetricWaterContent,0,Irrigated,1,D3,111,2,52,mm3/mm3,Samp,2,20
"CS650(52,2)",ElectricalConductivity,0,Irrigated,1,D3,111,2,52,dS/m,Samp,2,20
"CS650(52,3)",Temperature,0,Irrigated,1,D3,111,2,52,oC,Samp,2,20
"CS650(52,4)",Permittivity,0,Irrigated,1,D3,111,2,52,-,Samp,2,20
"CS650(52,5)",Period,0,Irrigated,1,D3,111,2,52,uSec,Samp,2,20
"CS650(52,6)",VoltageRatio,0,Irrigated,1,D3,111,2,52,-,Samp,2,20
"CS650(53,1)",VolumetricWaterContent,0,Irrigated,1,D4,111,2,53,mm3/mm3,Samp,2,21
"CS650(53,2)",ElectricalConductivity,0,Irrigated,1,D4,111,2,53,dS/m,Samp,2,21
"CS650(53,3)",Temperature,0,Irrigated,1,D4,111,2,53,oC,Samp,2,21
"CS650(53,4)",Permittivity,0,Irrigated,1,D4,111,2,53,-,Samp,2,21
"CS650(53,5)",Period,0,Irrigated,1,D4,111,2,53,uSec,Samp,2,21
"CS650(53,6)",VoltageRatio,0,Irrigated,1,D4,111,2,53,-,Samp,2,21
"CS650(54,1)",VolumetricWaterContent,0,Irrigated,1,D5,111,2,54,mm3/mm3,Samp,2,22
"CS650(54,2)",ElectricalConductivity,0,Irrigated,1,D5,111,2,54,dS/m,Samp,2,22
"CS650(54,3)",Temperature,0,Irrigated,1,D5,111,2,54,oC,Samp,2,22
"CS650(54,4)",Permittivity,0,Irrigated,1,D5,111,2,54,-,Samp,2,22
"CS650(54,5)",Period,0,Irrigated,1,D5,111,2,54,uSec,Samp,2,22
"CS650(54,6)",VoltageRatio,0,Irrigated,1,D5,111,2,54,-,Samp,2,22
"CS650(55,1)",VolumetricWaterContent,0,Irrigated,1,D6,111,2,55,mm3/mm3,Samp,2,23
"CS650(55,2)",ElectricalConductivity,0,Irrigated,1,D6,111,2,55,dS/m,Samp,2,23
"CS650(55,3)",Temperature,0,Irrigated,1,D6,111,2,55,oC,Samp,2,23
"CS650(55,4)",Permittivity,0,Irrigated,1,D6,111,2,55,-,Samp,2,23
"CS650(55,5)",Period,0,Irrigated,1,D6,111,2,55,uSec,Samp,2,23
"CS650(55,6)",VoltageRatio,0,Irrigated,1,D6,111,2,55,-,Samp,2,23
"CS650(56,1)",VolumetricWaterContent,0,Irrigated,1,D7,111,2,56,mm3/mm3,Samp,2,24
"CS650(56,2)",ElectricalConductivity,0,Irrigated,1,D7,111,2,56,dS/m,Samp,2,24
"CS650(56,3)",Temperature,0,Irrigated,1,D7,111,2,56,oC,Samp,2,24
"CS650(56,4)",Permittivity,0,Irrigated,1,D7,111,2,56,-,Samp,2,24
"CS650(56,5)",Period,0,Irrigated,1,D7,111,2,56,uSec,Samp,2,24
"CS650(56,6)",VoltageRatio,0,Irrigated,1,D7,111,2,56,-,Samp,2,24
"CS650(57,1)",VolumetricWaterContent,50,Dryland,5,D1I,112,2,57,mm3/mm3,Samp,2,25
"CS650(57,2)",ElectricalConductivity,50,Dryland,5,D1I,112,2,57,dS/m,Samp,2,25
"CS650(57,3)",Temperature,50,Dryland,5,D1I,112,2,57,oC,Samp,2,25
"CS650(57,4)",Permittivity,50,Dryland,5,D1I,112,2,57,-,Samp,2,25
"CS650(57,5)",Period,50,Dryland,5,D1I,112,2,57,uSec,Samp,2,25
"CS650(57,6)",VoltageRatio,50,Dryland,5,D1I,112,2,57,-,Samp,2,25
"CS650(58,1)",VolumetricWaterContent,50,Dryland,5,D1B,112,2,58,mm3/mm3,Samp,2,26
"CS650(58,2)",ElectricalConductivity,50,Dryland,5,D1B,112,2,58,dS/m,Samp,2,26
"CS650(58,3)",Temperature,50,Dryland,5,D1B,112,2,58,oC,Samp,2,26
"CS650(58,4)",Permittivity,50,Dryland,5,D1B,112,2,58,-,Samp,2,26
"CS650(58,5)",Period,50,Dryland,5,D1B,112,2,58,uSec,Samp,2,26
"CS650(58,6)",VoltageRatio,50,Dryland,5,D1B,112,2,58,-,Samp,2,26
"CS650(59,1)",VolumetricWaterContent,50,Dryland,5,D2,112,2,59,mm3/mm3,Samp,2,27
"CS650(59,2)",ElectricalConductivity,50,Dryland,5,D2,112,2,59,dS/m,Samp,2,27
"CS650(59,3)",Temperature,50,Dryland,5,D2,112,2,59,oC,Samp,2,27
"CS650(59,4)",Permittivity,50,Dryland,5,D2,112,2,59,-,Samp,2,27
"CS650(59,5)",Period,50,Dryland,5,D2,112,2,59,uSec,Samp,2,27
"CS650(59,6)",VoltageRatio,50,Dryland,5,D2,112,2,59,-,Samp,2,27
"CS650(60,1)",VolumetricWaterContent,50,Dryland,5,D3,112,2,60,mm3/mm3,Samp,2,28
"CS650(60,2)",ElectricalConductivity,50,Dryland,5,D3,112,2,60,dS/m,Samp,2,28
"CS650(60,3)",Temperature,50,Dryland,5,D3,112,2,60,oC,Samp,2,28
"CS650(60,4)",Permittivity,50,Dryland,5,D3,112,2,60,-,Samp,2,28
"CS650(60,5)",Period,50,Dryland,5,D3,112,2,60,uSec,Samp,2,28
"CS650(60,6)",VoltageRatio,50,Dryland,5,D3,112,2,60,-,Samp,2,28
"CS650(61,1)",VolumetricWaterContent,50,Dryland,5,D4,112,2,61,mm3/mm3,Samp,2,29
"CS650(61,2)",ElectricalConductivity,50,Dryland,5,D4,112,2,61,dS/m,Samp,2,29
"CS650(61,3)",Temperature,50,Dryland,5,D4,112,2,61,oC,Samp,2,29
"CS650(61,4)",Permittivity,50,Dryland,5,D4,112,2,61,-,Samp,2,29
"CS650(61,5)",Period,50,Dryland,5,D4,112,2,61,uSec,Samp,2,29
"CS650(61,6)",VoltageRatio,50,Dryland,5,D4,112,2,61,-,Samp,2,29
"CS650(62,1)",VolumetricWaterContent,50,Dryland,5,D5,112,2,62,mm3/mm3,Samp,2,30
"CS650(62,2)",ElectricalConductivity,50,Dryland,5,D5,112,2,62,dS/m,Samp,2,30
"CS650(62,3)",Temperature,50,Dryland,5,D5,112,2,62,oC,Samp,2,30
"CS650(62,4)",Permittivity,50,Dryland,5,D5,112,2,62,-,Samp,2,30
"CS650(62,5)",Period,50,Dryland,5,D5,112,2,62,uSec,Samp,2,30
"CS650(62,6)",VoltageRatio,50,Dryland,5,D5,112,2,62,-,Samp,2,30
"CS650(63,1)",VolumetricWaterContent,50,Dryland,5,D6,112,2,63,mm3/mm3,Samp,2,31
"CS650(63,2)",ElectricalConductivity,50,Dryland,5,D6,112,2,63,dS/m,Samp,2,31
"CS650(63,3)",Temperature,50,Dryland,5,D6,112,2,63,oC,Samp,2,31
"CS650(63,4)",Permittivity,50,Dryland,5,D6,112,2,63,-,Samp,2,31
"CS650(63,5)",Period,50,Dryland,5,D6,112,2,63,uSec,Samp,2,31
"CS650(63,6)",VoltageRatio,50,Dryland,5,D6,112,2,63,-,Samp,2,31
"CS650(64,1)",VolumetricWaterContent,50,Dryland,5,D7,112,2,64,mm3/mm3,Samp,2,32
"CS650(64,2)",ElectricalConductivity,50,Dryland,5,D7,112,2,64,dS/m,Samp,2,32
"CS650(64,3)",Temperature,50,Dryland,5,D7,112,2,64,oC,Samp,2,32
"CS650(64,4)",Permittivity,50,Dryland,5,D7,112,2,64,-,Samp,2,32
"CS650(64,5)",Period,50,Dryland,5,D7,112,2,64,uSec,Samp,2,32
"CS650(64,6)",VoltageRatio,50,Dryland,5,D7,112,2,64,-,Samp,2,32
"CS650(65,1)",VolumetricWaterContent,250,Dryland,5,D1I,101,1,65,mm3/mm3,Samp,3,1
"CS650(65,2)",ElectricalConductivity,250,Dryland,5,D1I,101,1,65,dS/m,Samp,3,1
"CS650(65,3)",Temperature,250,Dryland,5,D1I,101,1,65,oC,Samp,3,1
"CS650(65,4)",Permittivity,250,Dryland,5,D1I,101,1,65,-,Samp,3,1
"CS650(65,5)",Period,250,Dryland,5,D1I,101,1,65,uSec,Samp,3,1
"CS650(65,6)",VoltageRatio,250,Dryland,5,D1I,101,1,65,-,Samp,3,1
"CS650(66,1)",VolumetricWaterContent,250,Dryland,5,D1B,101,1,66,mm3/mm3,Samp,3,2
"CS650(66,2)",ElectricalConductivity,250,Dryland,5,D1B,101,1,66,dS/m,Samp,3,2
"CS650(66,3)",Temperature,250,Dryland,5,D1B,101,1,66,oC,Samp,3,2
"CS650(66,4)",Permittivity,250,Dryland,5,D1B,101,1,66,-,Samp,3,2
"CS650(66,5)",Period,250,Dryland,5,D1B,101,1,66,uSec,Samp,3,2
"CS650(66,6)",VoltageRatio,250,Dryland,5,D1B,101,1,66,-,Samp,3,2
"CS650(67,1)",VolumetricWaterContent,250,Dryland,5,D2,101,1,67,mm3/mm3,Samp,3,3
"CS650(67,2)",ElectricalConductivity,250,Dryland,5,D2,101,1,67,dS/m,Samp,3,3
"CS650(67,3)",Temperature,250,Dryland,5,D2,101,1,67,oC,Samp,3,3
"CS650(67,4)",Permittivity,250,Dryland,5,D2,101,1,67,-,Samp,3,3
"CS650(67,5)",Period,250,Dryland,5,D2,101,1,67,uSec,Samp,3,3
"CS650(67,6)",VoltageRatio,250,Dryland,5,D2,101,1,67,-,Samp,3,3
"CS650(68,1)",VolumetricWaterContent,250,Dryland,5,D3,101,1,68,mm3/mm3,Samp,3,4
"CS650(68,2)",ElectricalConductivity,250,Dryland,5,D3,101,1,68,dS/m,Samp,3,4
"CS650(68,3)",Temperature,250,Dryland,5,D3,101,1,68,oC,Samp,3,4
"CS650(68,4)",Permittivity,250,Dryland,5,D3,101,1,68,-,Samp,3,4
"CS650(68,5)",Period,250,Dryland,5,D3,101,1,68,uSec,Samp,3,4
"CS650(68,6)",VoltageRatio,250,Dryland,5,D3,101,1,68,-,Samp,3,4
"CS650(69,1)",VolumetricWaterContent,250,Dryland,5,D4,101,1,69,mm3/mm3,Samp,3,5
"CS650(69,2)",ElectricalConductivity,250,Dryland,5,D4,101,1,69,dS/m,Samp,3,5
"CS650(69,3)",Temperature,250,Dryland,5,D4,101,1,69,oC,Samp,3,5
"CS650(69,4)",Permittivity,250,Dryland,5,D4,101,1,69,-,Samp,3,5
"CS650(69,5)",Period,250,Dryland,5,D4,101,1,69,uSec,Samp,3,5
"CS650(69,6)",VoltageRatio,250,Dryland,5,D4,101,1,69,-,Samp,3,5
"CS650(70,1)",VolumetricWaterContent,250,Dryland,5,D5,101,1,70,mm3/mm3,Samp,3,6
"CS650(70,2)",ElectricalConductivity,250,Dryland,5,D5,101,1,70,dS/m,Samp,3,6
"CS650(70,3)",Temperature,250,Dryland,5,D5,101,1,70,oC,Samp,3,6
"CS650(70,4)",Permittivity,250,Dryland,5,D5,101,1,70,-,Samp,3,6
"CS650(70,5)",Period,250,Dryland,5,D5,101,1,70,uSec,Samp,3,6
"CS650(70,6)",VoltageRatio,250,Dryland,5,D5,101,1,70,-,Samp,3,6
"CS650(71,1)",VolumetricWaterContent,250,Dryland,5,D6,101,1,71,mm3/mm3,Samp,3,7
"CS650(71,2)",ElectricalConductivity,250,Dryland,5,D6,101,1,71,dS/m,Samp,3,7
"CS650(71,3)",Temperature,250,Dryland,5,D6,101,1,71,oC,Samp,3,7
"CS650(71,4)",Permittivity,250,Dryland,5,D6,101,1,71,-,Samp,3,7
"CS650(71,5)",Period,250,Dryland,5,D6,101,1,71,uSec,Samp,3,7
"CS650(71,6)",VoltageRatio,250,Dryland,5,D6,101,1,71,-,Samp,3,7
"CS650(72,1)",VolumetricWaterContent,250,Dryland,5,D7,101,1,72,mm3/mm3,Samp,3,8
"CS650(72,2)",ElectricalConductivity,250,Dryland,5,D7,101,1,72,dS/m,Samp,3,8
"CS650(72,3)",Temperature,250,Dryland,5,D7,101,1,72,oC,Samp,3,8
"CS650(72,4)",Permittivity,250,Dryland,5,D7,101,1,72,-,Samp,3,8
"CS650(72,5)",Period,250,Dryland,5,D7,101,1,72,uSec,Samp,3,8
"CS650(72,6)",VoltageRatio,250,Dryland,5,D7,101,1,72,-,Samp,3,8
"CS650(73,1)",VolumetricWaterContent,250,Irrigated,6,D1I,102,1,73,mm3/mm3,Samp,3,9
"CS650(73,2)",ElectricalConductivity,250,Irrigated,6,D1I,102,1,73,dS/m,Samp,3,9
"CS650(73,3)",Temperature,250,Irrigated,6,D1I,102,1,73,oC,Samp,3,9
"CS650(73,4)",Permittivity,250,Irrigated,6,D1I,102,1,73,-,Samp,3,9
"CS650(73,5)",Period,250,Irrigated,6,D1I,102,1,73,uSec,Samp,3,9
"CS650(73,6)",VoltageRatio,250,Irrigated,6,D1I,102,1,73,-,Samp,3,9
"CS650(74,1)",VolumetricWaterContent,250,Irrigated,6,D1B,102,1,74,mm3/mm3,Samp,3,10
"CS650(74,2)",ElectricalConductivity,250,Irrigated,6,D1B,102,1,74,dS/m,Samp,3,10
"CS650(74,3)",Temperature,250,Irrigated,6,D1B,102,1,74,oC,Samp,3,10
"CS650(74,4)",Permittivity,250,Irrigated,6,D1B,102,1,74,-,Samp,3,10
"CS650(74,5)",Period,250,Irrigated,6,D1B,102,1,74,uSec,Samp,3,10
"CS650(74,6)",VoltageRatio,250,Irrigated,6,D1B,102,1,74,-,Samp,3,10
"CS650(75,1)",VolumetricWaterContent,250,Irrigated,6,D2,102,1,75,mm3/mm3,Samp,3,11
"CS650(75,2)",ElectricalConductivity,250,Irrigated,6,D2,102,1,75,dS/m,Samp,3,11
"CS650(75,3)",Temperature,250,Irrigated,6,D2,102,1,75,oC,Samp,3,11
"CS650(75,4)",Permittivity,250,Irrigated,6,D2,102,1,75,-,Samp,3,11
"CS650(75,5)",Period,250,Irrigated,6,D2,102,1,75,uSec,Samp,3,11
"CS650(75,6)",VoltageRatio,250,Irrigated,6,D2,102,1,75,-,Samp,3,11
"CS650(76,1)",VolumetricWaterContent,250,Irrigated,6,D3,102,1,76,mm3/mm3,Samp,3,12
"CS650(76,2)",ElectricalConductivity,250,Irrigated,6,D3,102,1,76,dS/m,Samp,3,12
"CS650(76,3)",Temperature,250,Irrigated,6,D3,102,1,76,oC,Samp,3,12
"CS650(76,4)",Permittivity,250,Irrigated,6,D3,102,1,76,-,Samp,3,12
"CS650(76,5)",Period,250,Irrigated,6,D3,102,1,76,uSec,Samp,3,12
"CS650(76,6)",VoltageRatio,250,Irrigated,6,D3,102,1,76,-,Samp,3,12
"CS650(77,1)",VolumetricWaterContent,250,Irrigated,6,D4,102,1,77,mm3/mm3,Samp,3,13
"CS650(77,2)",ElectricalConductivity,250,Irrigated,6,D4,102,1,77,dS/m,Samp,3,13
"CS650(77,3)",Temperature,250,Irrigated,6,D4,102,1,77,oC,Samp,3,13
"CS650(77,4)",Permittivity,250,Irrigated,6,D4,102,1,77,-,Samp,3,13
"CS650(77,5)",Period,250,Irrigated,6,D4,102,1,77,uSec,Samp,3,13
"CS650(77,6)",VoltageRatio,250,Irrigated,6,D4,102,1,77,-,Samp,3,13
"CS650(78,1)",VolumetricWaterContent,250,Irrigated,6,D5,102,1,78,mm3/mm3,Samp,3,14
"CS650(78,2)",ElectricalConductivity,250,Irrigated,6,D5,102,1,78,dS/m,Samp,3,14
"CS650(78,3)",Temperature,250,Irrigated,6,D5,102,1,78,oC,Samp,3,14
"CS650(78,4)",Permittivity,250,Irrigated,6,D5,102,1,78,-,Samp,3,14
"CS650(78,5)",Period,250,Irrigated,6,D5,102,1,78,uSec,Samp,3,14
"CS650(78,6)",VoltageRatio,250,Irrigated,6,D5,102,1,78,-,Samp,3,14
"CS650(79,1)",VolumetricWaterContent,250,Irrigated,6,D6,102,1,79,mm3/mm3,Samp,3,15
"CS650(79,2)",ElectricalConductivity,250,Irrigated,6,D6,102,1,79,dS/m,Samp,3,15
"CS650(79,3)",Temperature,250,Irrigated,6,D6,102,1,79,oC,Samp,3,15
"CS650(79,4)",Permittivity,250,Irrigated,6,D6,102,1,79,-,Samp,3,15
"CS650(79,5)",Period,250,Irrigated,6,D6,102,1,79,uSec,Samp,3,15
"CS650(79,6)",VoltageRatio,250,Irrigated,6,D6,102,1,79,-,Samp,3,15
"CS650(80,1)",VolumetricWaterContent,250,Irrigated,6,D7,102,1,80,mm3/mm3,Samp,3,16
"CS650(80,2)",ElectricalConductivity,250,Irrigated,6,D7,102,1,80,dS/m,Samp,3,16
"CS650(80,3)",Temperature,250,Irrigated,6,D7,102,1,80,oC,Samp,3,16
"CS650(80,4)",Permittivity,250,Irrigated,6,D7,102,1,80,-,Samp,3,16
"CS650(80,5)",Period,250,Irrigated,6,D7,102,1,80,uSec,Samp,3,16
"CS650(80,6)",VoltageRatio,250,Irrigated,6,D7,102,1,80,-,Samp,3,16
"CS650(81,1)",VolumetricWaterContent,0,Irrigated,2,D1I,103,1,81,mm3/mm3,Samp,3,17
"CS650(81,2)",ElectricalConductivity,0,Irrigated,2,D1I,103,1,81,dS/m,Samp,3,17
"CS650(81,3)",Temperature,0,Irrigated,2,D1I,103,1,81,oC,Samp,3,17
"CS650(81,4)",Permittivity,0,Irrigated,2,D1I,103,1,81,-,Samp,3,17
"CS650(81,5)",Period,0,Irrigated,2,D1I,103,1,81,uSec,Samp,3,17
"CS650(81,6)",VoltageRatio,0,Irrigated,2,D1I,103,1,81,-,Samp,3,17
"CS650(82,1)",VolumetricWaterContent,0,Irrigated,2,D1B,103,1,82,mm3/mm3,Samp,3,18
"CS650(82,2)",ElectricalConductivity,0,Irrigated,2,D1B,103,1,82,dS/m,Samp,3,18
"CS650(82,3)",Temperature,0,Irrigated,2,D1B,103,1,82,oC,Samp,3,18
"CS650(82,4)",Permittivity,0,Irrigated,2,D1B,103,1,82,-,Samp,3,18
"CS650(82,5)",Period,0,Irrigated,2,D1B,103,1,82,uSec,Samp,3,18
"CS650(82,6)",VoltageRatio,0,Irrigated,2,D1B,103,1,82,-,Samp,3,18
"CS650(83,1)",VolumetricWaterContent,0,Irrigated,2,D2,103,1,83,mm3/mm3,Samp,3,19
"CS650(83,2)",ElectricalConductivity,0,Irrigated,2,D2,103,1,83,dS/m,Samp,3,19
"CS650(83,3)",Temperature,0,Irrigated,2,D2,103,1,83,oC,Samp,3,19
"CS650(83,4)",Permittivity,0,Irrigated,2,D2,103,1,83,-,Samp,3,19
"CS650(83,5)",Period,0,Irrigated,2,D2,103,1,83,uSec,Samp,3,19
"CS650(83,6)",VoltageRatio,0,Irrigated,2,D2,103,1,83,-,Samp,3,19
"CS650(84,1)",VolumetricWaterContent,0,Irrigated,2,D3,103,1,84,mm3/mm3,Samp,3,20
"CS650(84,2)",ElectricalConductivity,0,Irrigated,2,D3,103,1,84,dS/m,Samp,3,20
"CS650(84,3)",Temperature,0,Irrigated,2,D3,103,1,84,oC,Samp,3,20
"CS650(84,4)",Permittivity,0,Irrigated,2,D3,103,1,84,-,Samp,3,20
"CS650(84,5)",Period,0,Irrigated,2,D3,103,1,84,uSec,Samp,3,20
"CS650(84,6)",VoltageRatio,0,Irrigated,2,D3,103,1,84,-,Samp,3,20
"CS650(85,1)",VolumetricWaterContent,0,Irrigated,2,D4,103,1,85,mm3/mm3,Samp,3,21
"CS650(85,2)",ElectricalConductivity,0,Irrigated,2,D4,103,1,85,dS/m,Samp,3,21
"CS650(85,3)",Temperature,0,Irrigated,2,D4,103,1,85,oC,Samp,3,21
"CS650(85,4)",Permittivity,0,Irrigated,2,D4,103,1,85,-,Samp,3,21
"CS650(85,5)",Period,0,Irrigated,2,D4,103,1,85,uSec,Samp,3,21
"CS650(85,6)",VoltageRatio,0,Irrigated,2,D4,103,1,85,-,Samp,3,21
"CS650(86,1)",VolumetricWaterContent,0,Irrigated,2,D5,103,1,86,mm3/mm3,Samp,3,22
"CS650(86,2)",ElectricalConductivity,0,Irrigated,2,D5,103,1,86,dS/m,Samp,3,22
"CS650(86,3)",Temperature,0,Irrigated,2,D5,103,1,86,oC,Samp,3,22
"CS650(86,4)",Permittivity,0,Irrigated,2,D5,103,1,86,-,Samp,3,22
"CS650(86,5)",Period,0,Irrigated,2,D5,103,1,86,uSec,Samp,3,22
"CS650(86,6)",VoltageRatio,0,Irrigated,2,D5,103,1,86,-,Samp,3,22
"CS650(87,1)",VolumetricWaterContent,0,Irrigated,2,D6,103,1,87,mm3/mm3,Samp,3,23
"CS650(87,2)",ElectricalConductivity,0,Irrigated,2,D6,103,1,87,dS/m,Samp,3,23
"CS650(87,3)",Temperature,0,Irrigated,2,D6,103,1,87,oC,Samp,3,23
"CS650(87,4)",Permittivity,0,Irrigated,2,D6,103,1,87,-,Samp,3,23
"CS650(87,5)",Period,0,Irrigated,2,D6,103,1,87,uSec,Samp,3,23
"CS650(87,6)",VoltageRatio,0,Irrigated,2,D6,103,1,87,-,Samp,3,23
"CS650(88,1)",VolumetricWaterContent,0,Irrigated,2,D7,103,1,88,mm3/mm3,Samp,3,24
"CS650(88,2)",ElectricalConductivity,0,Irrigated,2,D7,103,1,88,dS/m,Samp,3,24
"CS650(88,3)",Temperature,0,Irrigated,2,D7,103,1,88,oC,Samp,3,24
"CS650(88,4)",Permittivity,0,Irrigated,2,D7,103,1,88,-,Samp,3,24
"CS650(88,5)",Period,0,Irrigated,2,D7,103,1,88,uSec,Samp,3,24
"CS650(88,6)",VoltageRatio,0,Irrigated,2,D7,103,1,88,-,Samp,3,24
"CS650(89,1)",VolumetricWaterContent,50,Irrigated,1,D1I,104,1,89,mm3/mm3,Samp,3,25
"CS650(89,2)",ElectricalConductivity,50,Irrigated,1,D1I,104,1,89,dS/m,Samp,3,25
"CS650(89,3)",Temperature,50,Irrigated,1,D1I,104,1,89,oC,Samp,3,25
"CS650(89,4)",Permittivity,50,Irrigated,1,D1I,104,1,89,-,Samp,3,25
"CS650(89,5)",Period,50,Irrigated,1,D1I,104,1,89,uSec,Samp,3,25
"CS650(89,6)",VoltageRatio,50,Irrigated,1,D1I,104,1,89,-,Samp,3,25
"CS650(90,1)",VolumetricWaterContent,50,Irrigated,1,D1B,104,1,90,mm3/mm3,Samp,3,26
"CS650(90,2)",ElectricalConductivity,50,Irrigated,1,D1B,104,1,90,dS/m,Samp,3,26
"CS650(90,3)",Temperature,50,Irrigated,1,D1B,104,1,90,oC,Samp,3,26
"CS650(90,4)",Permittivity,50,Irrigated,1,D1B,104,1,90,-,Samp,3,26
"CS650(90,5)",Period,50,Irrigated,1,D1B,104,1,90,uSec,Samp,3,26
"CS650(90,6)",VoltageRatio,50,Irrigated,1,D1B,104,1,90,-,Samp,3,26
"CS650(91,1)",VolumetricWaterContent,50,Irrigated,1,D2,104,1,91,mm3/mm3,Samp,3,27
"CS650(91,2)",ElectricalConductivity,50,Irrigated,1,D2,104,1,91,dS/m,Samp,3,27
"CS650(91,3)",Temperature,50,Irrigated,1,D2,104,1,91,oC,Samp,3,27
"CS650(91,4)",Permittivity,50,Irrigated,1,D2,104,1,91,-,Samp,3,27
"CS650(91,5)",Period,50,Irrigated,1,D2,104,1,91,uSec,Samp,3,27
"CS650(91,6)",VoltageRatio,50,Irrigated,1,D2,104,1,91,-,Samp,3,27
"CS650(92,1)",VolumetricWaterContent,50,Irrigated,1,D3,104,1,92,mm3/mm3,Samp,3,28
"CS650(92,2)",ElectricalConductivity,50,Irrigated,1,D3,104,1,92,dS/m,Samp,3,28
"CS650(92,3)",Temperature,50,Irrigated,1,D3,104,1,92,oC,Samp,3,28
"CS650(92,4)",Permittivity,50,Irrigated,1,D3,104,1,92,-,Samp,3,28
"CS650(92,5)",Period,50,Irrigated,1,D3,104,1,92,uSec,Samp,3,28
"CS650(92,6)",VoltageRatio,50,Irrigated,1,D3,104,1,92,-,Samp,3,28
"CS650(93,1)",VolumetricWaterContent,50,Irrigated,1,D4,104,1,93,mm3/mm3,Samp,3,29
"CS650(93,2)",ElectricalConductivity,50,Irrigated,1,D4,104,1,93,dS/m,Samp,3,29
"CS650(93,3)",Temperature,50,Irrigated,1,D4,104,1,93,oC,Samp,3,29
"CS650(93,4)",Permittivity,50,Irrigated,1,D4,104,1,93,-,Samp,3,29
"CS650(93,5)",Period,50,Irrigated,1,D4,104,1,93,uSec,Samp,3,29
"CS650(93,6)",VoltageRatio,50,Irrigated,1,D4,104,1,93,-,Samp,3,29
"CS650(94,1)",VolumetricWaterContent,50,Irrigated,1,D5,104,1,94,mm3/mm3,Samp,3,30
"CS650(94,2)",ElectricalConductivity,50,Irrigated,1,D5,104,1,94,dS/m,Samp,3,30
"CS650(94,3)",Temperature,50,Irrigated,1,D5,104,1,94,oC,Samp,3,30
"CS650(94,4)",Permittivity,50,Irrigated,1,D5,104,1,94,-,Samp,3,30
"CS650(94,5)",Period,50,Irrigated,1,D5,104,1,94,uSec,Samp,3,30
"CS650(94,6)",VoltageRatio,50,Irrigated,1,D5,104,1,94,-,Samp,3,30
"CS650(95,1)",VolumetricWaterContent,50,Irrigated,1,D6,104,1,95,mm3/mm3,Samp,3,31
"CS650(95,2)",ElectricalConductivity,50,Irrigated,1,D6,104,1,95,dS/m,Samp,3,31
"CS650(95,3)",Temperature,50,Irrigated,1,D6,104,1,95,oC,Samp,3,31
"CS650(95,4)",Permittivity,50,Irrigated,1,D6,104,1,95,-,Samp,3,31
"CS650(95,5)",Period,50,Irrigated,1,D6,104,1,95,uSec,Samp,3,31
"CS650(95,6)",VoltageRatio,50,Irrigated,1,D6,104,1,95,-,Samp,3,31
"CS650(96,1)",VolumetricWaterContent,50,Irrigated,1,D7,104,1,96,mm3/mm3,Samp,3,32
"CS650(96,2)",ElectricalConductivity,50,Irrigated,1,D7,104,1,96,dS/m,Samp,3,32
"CS650(96,3)",Temperature,50,Irrigated,1,D7,104,1,96,oC,Samp,3,32
"CS650(96,4)",Permittivity,50,Irrigated,1,D7,104,1,96,-,Samp,3,32
"CS650(96,5)",Period,50,Irrigated,1,D7,104,1,96,uSec,Samp,3,32
"CS650(96,6)",VoltageRatio,50,Irrigated,1,D7,104,1,96,-,Samp,3,32
"CS650(97,1)",VolumetricWaterContent,250,Dryland,6,D1I,113,3,97,mm3/mm3,Samp,4,1
"CS650(97,2)",ElectricalConductivity,250,Dryland,6,D1I,113,3,97,dS/m,Samp,4,1
"CS650(97,3)",Temperature,250,Dryland,6,D1I,113,3,97,oC,Samp,4,1
"CS650(97,4)",Permittivity,250,Dryland,6,D1I,113,3,97,-,Samp,4,1
"CS650(97,5)",Period,250,Dryland,6,D1I,113,3,97,uSec,Samp,4,1
"CS650(97,6)",VoltageRatio,250,Dryland,6,D1I,113,3,97,-,Samp,4,1
"CS650(98,1)",VolumetricWaterContent,250,Dryland,6,D1B,113,3,98,mm3/mm3,Samp,4,2
"CS650(98,2)",ElectricalConductivity,250,Dryland,6,D1B,113,3,98,dS/m,Samp,4,2
"CS650(98,3)",Temperature,250,Dryland,6,D1B,113,3,98,oC,Samp,4,2
"CS650(98,4)",Permittivity,250,Dryland,6,D1B,113,3,98,-,Samp,4,2
"CS650(98,5)",Period,250,Dryland,6,D1B,113,3,98,uSec,Samp,4,2
"CS650(98,6)",VoltageRatio,250,Dryland,6,D1B,113,3,98,-,Samp,4,2
"CS650(99,1)",VolumetricWaterContent,250,Dryland,6,D2,113,3,99,mm3/mm3,Samp,4,3
"CS650(99,2)",ElectricalConductivity,250,Dryland,6,D2,113,3,99,dS/m,Samp,4,3
"CS650(99,3)",Temperature,250,Dryland,6,D2,113,3,99,oC,Samp,4,3
"CS650(99,4)",Permittivity,250,Dryland,6,D2,113,3,99,-,Samp,4,3
"CS650(99,5)",Period,250,Dryland,6,D2,113,3,99,uSec,Samp,4,3
"CS650(99,6)",VoltageRatio,250,Dryland,6,D2,113,3,99,-,Samp,4,3
"CS650(100,1)",VolumetricWaterContent,250,Dryland,6,D3,113,3,100,mm3/mm3,Samp,4,4
"CS650(100,2)",ElectricalConductivity,250,Dryland,6,D3,113,3,100,dS/m,Samp,4,4
"CS650(100,3)",Temperature,250,Dryland,6,D3,113,3,100,oC,Samp,4,4
"CS650(100,4)",Permittivity,250,Dryland,6,D3,113,3,100,-,Samp,4,4
"CS650(100,5)",Period,250,Dryland,6,D3,113,3,100,uSec,Samp,4,4
"CS650(100,6)",VoltageRatio,250,Dryland,6,D3,113,3,100,-,Samp,4,4
"CS650(101,1)",VolumetricWaterContent,250,Dryland,6,D4,113,3,101,mm3/mm3,Samp,4,5
"CS650(101,2)",ElectricalConductivity,250,Dryland,6,D4,113,3,101,dS/m,Samp,4,5
"CS650(101,3)",Temperature,250,Dryland,6,D4,113,3,101,oC,Samp,4,5
"CS650(101,4)",Permittivity,250,Dryland,6,D4,113,3,101,-,Samp,4,5
"CS650(101,5)",Period,250,Dryland,6,D4,113,3,101,uSec,Samp,4,5
"CS650(101,6)",VoltageRatio,250,Dryland,6,D4,113,3,101,-,Samp,4,5
"CS650(102,1)",VolumetricWaterContent,250,Dryland,6,D5,113,3,102,mm3/mm3,Samp,4,6
"CS650(102,2)",ElectricalConductivity,250,Dryland,6,D5,113,3,102,dS/m,Samp,4,6
"CS650(102,3)",Temperature,250,Dryland,6,D5,113,3,102,oC,Samp,4,6
"CS650(102,4)",Permittivity,250,Dryland,6,D5,113,3,102,-,Samp,4,6
"CS650(102,5)",Period,250,Dryland,6,D5,113,3,102,uSec,Samp,4,6
"CS650(102,6)",VoltageRatio,250,Dryland,6,D5,113,3,102,-,Samp,4,6
"CS650(103,1)",VolumetricWaterContent,250,Dryland,6,D6,113,3,103,mm3/mm3,Samp,4,7
"CS650(103,2)",ElectricalConductivity,250,Dryland,6,D6,113,3,103,dS/m,Samp,4,7
"CS650(103,3)",Temperature,250,Dryland,6,D6,113,3,103,oC,Samp,4,7
"CS650(103,4)",Permittivity,250,Dryland,6,D6,113,3,103,-,Samp,4,7
"CS650(103,5)",Period,250,Dryland,6,D6,113,3,103,uSec,Samp,4,7
"CS650(103,6)",VoltageRatio,250,Dryland,6,D6,113,3,103,-,Samp,4,7
"CS650(104,1)",VolumetricWaterContent,250,Dryland,6,D7,113,3,104,mm3/mm3,Samp,4,8
"CS650(104,2)",ElectricalConductivity,250,Dryland,6,D7,113,3,104,dS/m,Samp,4,8
"CS650(104,3)",Temperature,250,Dryland,6,D7,113,3,104,oC,Samp,4,8
"CS650(104,4)",Permittivity,250,Dryland,6,D7,113,3,104,-,Samp,4,8
"CS650(104,5)",Period,250,Dryland,6,D7,113,3,104,uSec,Samp,4,8
"CS650(104,6)",VoltageRatio,250,Dryland,6,D7,113,3,104,-,Samp,4,8
"CS650(105,1)",VolumetricWaterContent,50,Irrigated,5,D1I,114,3,105,mm3/mm3,Samp,4,9
"CS650(105,2)",ElectricalConductivity,50,Irrigated,5,D1I,114,3,105,dS/m,Samp,4,9
"CS650(105,3)",Temperature,50,Irrigated,5,D1I,114,3,105,oC,Samp,4,9
"CS650(105,4)",Permittivity,50,Irrigated,5,D1I,114,3,105,-,Samp,4,9
"CS650(105,5)",Period,50,Irrigated,5,D1I,114,3,105,uSec,Samp,4,9
"CS650(105,6)",VoltageRatio,50,Irrigated,5,D1I,114,3,105,-,Samp,4,9
"CS650(106,1)",VolumetricWaterContent,50,Irrigated,5,D1B,114,3,106,mm3/mm3,Samp,4,10
"CS650(106,2)",ElectricalConductivity,50,Irrigated,5,D1B,114,3,106,dS/m,Samp,4,10
"CS650(106,3)",Temperature,50,Irrigated,5,D1B,114,3,106,oC,Samp,4,10
"CS650(106,4)",Permittivity,50,Irrigated,5,D1B,114,3,106,-,Samp,4,10
"CS650(106,5)",Period,50,Irrigated,5,D1B,114,3,106,uSec,Samp,4,10
"CS650(106,6)",VoltageRatio,50,Irrigated,5,D1B,114,3,106,-,Samp,4,10
"CS650(107,1)",VolumetricWaterContent,50,Irrigated,5,D2,114,3,107,mm3/mm3,Samp,4,11
"CS650(107,2)",ElectricalConductivity,50,Irrigated,5,D2,114,3,107,dS/m,Samp,4,11
"CS650(107,3)",Temperature,50,Irrigated,5,D2,114,3,107,oC,Samp,4,11
"CS650(107,4)",Permittivity,50,Irrigated,5,D2,114,3,107,-,Samp,4,11
"CS650(107,5)",Period,50,Irrigated,5,D2,114,3,107,uSec,Samp,4,11
"CS650(107,6)",VoltageRatio,50,Irrigated,5,D2,114,3,107,-,Samp,4,11
"CS650(108,1)",VolumetricWaterContent,50,Irrigated,5,D3,114,3,108,mm3/mm3,Samp,4,12
"CS650(108,2)",ElectricalConductivity,50,Irrigated,5,D3,114,3,108,dS/m,Samp,4,12
"CS650(108,3)",Temperature,50,Irrigated,5,D3,114,3,108,oC,Samp,4,12
"CS650(108,4)",Permittivity,50,Irrigated,5,D3,114,3,108,-,Samp,4,12
"CS650(108,5)",Period,50,Irrigated,5,D3,114,3,108,uSec,Samp,4,12
"CS650(108,6)",VoltageRatio,50,Irrigated,5,D3,114,3,108,-,Samp,4,12
"CS650(109,1)",VolumetricWaterContent,50,Irrigated,5,D4,114,3,109,mm3/mm3,Samp,4,13
"CS650(109,2)",ElectricalConductivity,50,Irrigated,5,D4,114,3,109,dS/m,Samp,4,13
"CS650(109,3)",Temperature,50,Irrigated,5,D4,114,3,109,oC,Samp,4,13
"CS650(109,4)",Permittivity,50,Irrigated,5,D4,114,3,109,-,Samp,4,13
"CS650(109,5)",Period,50,Irrigated,5,D4,114,3,109,uSec,Samp,4,13
"CS650(109,6)",VoltageRatio,50,Irrigated,5,D4,114,3,109,-,Samp,4,13
"CS650(110,1)",VolumetricWaterContent,50,Irrigated,5,D5,114,3,110,mm3/mm3,Samp,4,14
"CS650(110,2)",ElectricalConductivity,50,Irrigated,5,D5,114,3,110,dS/m,Samp,4,14
"CS650(110,3)",Temperature,50,Irrigated,5,D5,114,3,110,oC,Samp,4,14
"CS650(110,4)",Permittivity,50,Irrigated,5,D5,114,3,110,-,Samp,4,14
"CS650(110,5)",Period,50,Irrigated,5,D5,114,3,110,uSec,Samp,4,14
"CS650(110,6)",VoltageRatio,50,Irrigated,5,D5,114,3,110,-,Samp,4,14
"CS650(111,1)",VolumetricWaterContent,50,Irrigated,5,D6,114,3,111,mm3/mm3,Samp,4,15
"CS650(111,2)",ElectricalConductivity,50,Irrigated,5,D6,114,3,111,dS/m,Samp,4,15
"CS650(111,3)",Temperature,50,Irrigated,5,D6,114,3,111,oC,Samp,4,15
"CS650(111,4)",Permittivity,50,Irrigated,5,D6,114,3,111,-,Samp,4,15
"CS650(111,5)",Period,50,Irrigated,5,D6,114,3,111,uSec,Samp,4,15
"CS650(111,6)",VoltageRatio,50,Irrigated,5,D6,114,3,111,-,Samp,4,15
"CS650(112,1)",VolumetricWaterContent,50,Irrigated,5,D7,114,3,112,mm3/mm3,Samp,4,16
"CS650(112,2)",ElectricalConductivity,50,Irrigated,5,D7,114,3,112,dS/m,Samp,4,16
"CS650(112,3)",Temperature,50,Irrigated,5,D7,114,3,112,oC,Samp,4,16
"CS650(112,4)",Permittivity,50,Irrigated,5,D7,114,3,112,-,Samp,4,16
"CS650(112,5)",Period,50,Irrigated,5,D7,114,3,112,uSec,Samp,4,16
"CS650(112,6)",VoltageRatio,50,Irrigated,5,D7,114,3,112,-,Samp,4,16
"CS650(113,1)",VolumetricWaterContent,0,Irrigated,1,D1I,115,3,113,mm3/mm3,Samp,4,17
"CS650(113,2)",ElectricalConductivity,0,Irrigated,1,D1I,115,3,113,dS/m,Samp,4,17
"CS650(113,3)",Temperature,0,Irrigated,1,D1I,115,3,113,oC,Samp,4,17
"CS650(113,4)",Permittivity,0,Irrigated,1,D1I,115,3,113,-,Samp,4,17
"CS650(113,5)",Period,0,Irrigated,1,D1I,115,3,113,uSec,Samp,4,17
"CS650(113,6)",VoltageRatio,0,Irrigated,1,D1I,115,3,113,-,Samp,4,17
"CS650(114,1)",VolumetricWaterContent,0,Irrigated,1,D1B,115,3,114,mm3/mm3,Samp,4,18
"CS650(114,2)",ElectricalConductivity,0,Irrigated,1,D1B,115,3,114,dS/m,Samp,4,18
"CS650(114,3)",Temperature,0,Irrigated,1,D1B,115,3,114,oC,Samp,4,18
"CS650(114,4)",Permittivity,0,Irrigated,1,D1B,115,3,114,-,Samp,4,18
"CS650(114,5)",Period,0,Irrigated,1,D1B,115,3,114,uSec,Samp,4,18
"CS650(114,6)",VoltageRatio,0,Irrigated,1,D1B,115,3,114,-,Samp,4,18
"CS650(115,1)",VolumetricWaterContent,0,Irrigated,1,D2,115,3,115,mm3/mm3,Samp,4,19
"CS650(115,2)",ElectricalConductivity,0,Irrigated,1,D2,115,3,115,dS/m,Samp,4,19
"CS650(115,3)",Temperature,0,Irrigated,1,D2,115,3,115,oC,Samp,4,19
"CS650(115,4)",Permittivity,0,Irrigated,1,D2,115,3,115,-,Samp,4,19
"CS650(115,5)",Period,0,Irrigated,1,D2,115,3,115,uSec,Samp,4,19
"CS650(115,6)",VoltageRatio,0,Irrigated,1,D2,115,3,115,-,Samp,4,19
"CS650(116,1)",VolumetricWaterContent,0,Irrigated,1,D3,115,3,116,mm3/mm3,Samp,4,20
"CS650(116,2)",ElectricalConductivity,0,Irrigated,1,D3,115,3,116,dS/m,Samp,4,20
"CS650(116,3)",Temperature,0,Irrigated,1,D3,115,3,116,oC,Samp,4,20
"CS650(116,4)",Permittivity,0,Irrigated,1,D3,115,3,116,-,Samp,4,20
"CS650(116,5)",Period,0,Irrigated,1,D3,115,3,116,uSec,Samp,4,20
"CS650(116,6)",VoltageRatio,0,Irrigated,1,D3,115,3,116,-,Samp,4,20
"CS650(117,1)",VolumetricWaterContent,0,Irrigated,1,D4,115,3,117,mm3/mm3,Samp,4,21
"CS650(117,2)",ElectricalConductivity,0,Irrigated,1,D4,115,3,117,dS/m,Samp,4,21
"CS650(117,3)",Temperature,0,Irrigated,1,D4,115,3,117,oC,Samp,4,21
"CS650(117,4)",Permittivity,0,Irrigated,1,D4,115,3,117,-,Samp,4,21
"CS650(117,5)",Period,0,Irrigated,1,D4,115,3,117,uSec,Samp,4,21
"CS650(117,6)",VoltageRatio,0,Irrigated,1,D4,115,3,117,-,Samp,4,21
"CS650(118,1)",VolumetricWaterContent,0,Irrigated,1,D5,115,3,118,mm3/mm3,Samp,4,22
"CS650(118,2)",ElectricalConductivity,0,Irrigated,1,D5,115,3,118,dS/m,Samp,4,22
"CS650(118,3)",Temperature,0,Irrigated,1,D5,115,3,118,oC,Samp,4,22
"CS650(118,4)",Permittivity,0,Irrigated,1,D5,115,3,118,-,Samp,4,22
"CS650(118,5)",Period,0,Irrigated,1,D5,115,3,118,uSec,Samp,4,22
"CS650(118,6)",VoltageRatio,0,Irrigated,1,D5,115,3,118,-,Samp,4,22
"CS650(119,1)",VolumetricWaterContent,0,Irrigated,1,D6,115,3,119,mm3/mm3,Samp,4,23
"CS650(119,2)",ElectricalConductivity,0,Irrigated,1,D6,115,3,119,dS/m,Samp,4,23
"CS650(119,3)",Temperature,0,Irrigated,1,D6,115,3,119,oC,Samp,4,23
"CS650(119,4)",Permittivity,0,Irrigated,1,D6,115,3,119,-,Samp,4,23
"CS650(119,5)",Period,0,Irrigated,1,D6,115,3,119,uSec,Samp,4,23
"CS650(119,6)",VoltageRatio,0,Irrigated,1,D6,115,3,119,-,Samp,4,23
"CS650(120,1)",VolumetricWaterContent,0,Irrigated,1,D7,115,3,120,mm3/mm3,Samp,4,24
"CS650(120,2)",ElectricalConductivity,0,Irrigated,1,D7,115,3,120,dS/m,Samp,4,24
"CS650(120,3)",Temperature,0,Irrigated,1,D7,115,3,120,oC,Samp,4,24
"CS650(120,4)",Permittivity,0,Irrigated,1,D7,115,3,120,-,Samp,4,24
"CS650(120,5)",Period,0,Irrigated,1,D7,115,3,120,uSec,Samp,4,24
"CS650(120,6)",VoltageRatio,0,Irrigated,1,D7,115,3,120,-,Samp,4,24
"CS650(121,1)",VolumetricWaterContent,0,Dryland,2,D1I,116,3,121,mm3/mm3,Samp,4,25
"CS650(121,2)",ElectricalConductivity,0,Dryland,2,D1I,116,3,121,dS/m,Samp,4,25
"CS650(121,3)",Temperature,0,Dryland,2,D1I,116,3,121,oC,Samp,4,25
"CS650(121,4)",Permittivity,0,Dryland,2,D1I,116,3,121,-,Samp,4,25
"CS650(121,5)",Period,0,Dryland,2,D1I,116,3,121,uSec,Samp,4,25
"CS650(121,6)",VoltageRatio,0,Dryland,2,D1I,116,3,121,-,Samp,4,25
"CS650(122,1)",VolumetricWaterContent,0,Dryland,2,D1B,116,3,122,mm3/mm3,Samp,4,26
"CS650(122,2)",ElectricalConductivity,0,Dryland,2,D1B,116,3,122,dS/m,Samp,4,26
"CS650(122,3)",Temperature,0,Dryland,2,D1B,116,3,122,oC,Samp,4,26
"CS650(122,4)",Permittivity,0,Dryland,2,D1B,116,3,122,-,Samp,4,26
"CS650(122,5)",Period,0,Dryland,2,D1B,116,3,122,uSec,Samp,4,26
"CS650(122,6)",VoltageRatio,0,Dryland,2,D1B,116,3,122,-,Samp,4,26
"CS650(123,1)",VolumetricWaterContent,0,Dryland,2,D2,116,3,123,mm3/mm3,Samp,4,27
"CS650(123,2)",ElectricalConductivity,0,Dryland,2,D2,116,3,123,dS/m,Samp,4,27
"CS650(123,3)",Temperature,0,Dryland,2,D2,116,3,123,oC,Samp,4,27
"CS650(123,4)",Permittivity,0,Dryland,2,D2,116,3,123,-,Samp,4,27
"CS650(123,5)",Period,0,Dryland,2,D2,116,3,123,uSec,Samp,4,27
"CS650(123,6)",VoltageRatio,0,Dryland,2,D2,116,3,123,-,Samp,4,27
"CS650(124,1)",VolumetricWaterContent,0,Dryland,2,D3,116,3,124,mm3/mm3,Samp,4,28
"CS650(124,2)",ElectricalConductivity,0,Dryland,2,D3,116,3,124,dS/m,Samp,4,28
"CS650(124,3)",Temperature,0,Dryland,2,D3,116,3,124,oC,Samp,4,28
"CS650(124,4)",Permittivity,0,Dryland,2,D3,116,3,124,-,Samp,4,28
"CS650(124,5)",Period,0,Dryland,2,D3,116,3,124,uSec,Samp,4,28
"CS650(124,6)",VoltageRatio,0,Dryland,2,D3,116,3,124,-,Samp,4,28
"CS650(125,1)",VolumetricWaterContent,0,Dryland,2,D4,116,3,125,mm3/mm3,Samp,4,29
"CS650(125,2)",ElectricalConductivity,0,Dryland,2,D4,116,3,125,dS/m,Samp,4,29
"CS650(125,3)",Temperature,0,Dryland,2,D4,116,3,125,oC,Samp,4,29
"CS650(125,4)",Permittivity,0,Dryland,2,D4,116,3,125,-,Samp,4,29
"CS650(125,5)",Period,0,Dryland,2,D4,116,3,125,uSec,Samp,4,29
"CS650(125,6)",VoltageRatio,0,Dryland,2,D4,116,3,125,-,Samp,4,29
"CS650(126,1)",VolumetricWaterContent,0,Dryland,2,D5,116,3,126,mm3/mm3,Samp,4,30
"CS650(126,2)",ElectricalConductivity,0,Dryland,2,D5,116,3,126,dS/m,Samp,4,30
"CS650(126,3)",Temperature,0,Dryland,2,D5,116,3,126,oC,Samp,4,30
"CS650(126,4)",Permittivity,0,Dryland,2,D5,116,3,126,-,Samp,4,30
"CS650(126,5)",Period,0,Dryland,2,D5,116,3,126,uSec,Samp,4,30
"CS650(126,6)",VoltageRatio,0,Dryland,2,D5,116,3,126,-,Samp,4,30
"CS650(127,1)",VolumetricWaterContent,0,Dryland,2,D6,116,3,127,mm3/mm3,Samp,4,31
"CS650(127,2)",ElectricalConductivity,0,Dryland,2,D6,116,3,127,dS/m,Samp,4,31
"CS650(127,3)",Temperature,0,Dryland,2,D6,116,3,127,oC,Samp,4,31
"CS650(127,4)",Permittivity,0,Dryland,2,D6,116,3,127,-,Samp,4,31
"CS650(127,5)",Period,0,Dryland,2,D6,116,3,127,uSec,Samp,4,31
"CS650(127,6)",VoltageRatio,0,Dryland,2,D6,116,3,127,-,Samp,4,31
"CS650(128,1)",VolumetricWaterContent,0,Dryland,2,D7,116,3,128,mm3/mm3,Samp,4,32
"CS650(128,2)",ElectricalConductivity,0,Dryland,2,D7,116,3,128,dS/m,Samp,4,32
"CS650(128,3)",Temperature,0,Dryland,2,D7,116,3,128,oC,Samp,4,32
"CS650(128,4)",Permittivity,0,Dryland,2,D7,116,3,128,-,Samp,4,32
"CS650(128,5)",Period,0,Dryland,2,D7,116,3,128,uSec,Samp,4,32
"CS650(128,6)",VoltageRatio,0,Dryland,2,D7,116,3,128,-,Samp,4,32
"CS650(129,1)",VolumetricWaterContent,250,Irrigated,3,D1I,117,3,129,mm3/mm3,Samp,5,1
"CS650(129,2)",ElectricalConductivity,250,Irrigated,3,D1I,117,3,129,dS/m,Samp,5,1
"CS650(129,3)",Temperature,250,Irrigated,3,D1I,117,3,129,oC,Samp,5,1
"CS650(129,4)",Permittivity,250,Irrigated,3,D1I,117,3,129,-,Samp,5,1
"CS650(129,5)",Period,250,Irrigated,3,D1I,117,3,129,uSec,Samp,5,1
"CS650(129,6)",VoltageRatio,250,Irrigated,3,D1I,117,3,129,-,Samp,5,1
"CS650(130,1)",VolumetricWaterContent,250,Irrigated,3,D1B,117,3,130,mm3/mm3,Samp,5,2
"CS650(130,2)",ElectricalConductivity,250,Irrigated,3,D1B,117,3,130,dS/m,Samp,5,2
"CS650(130,3)",Temperature,250,Irrigated,3,D1B,117,3,130,oC,Samp,5,2
"CS650(130,4)",Permittivity,250,Irrigated,3,D1B,117,3,130,-,Samp,5,2
"CS650(130,5)",Period,250,Irrigated,3,D1B,117,3,130,uSec,Samp,5,2
"CS650(130,6)",VoltageRatio,250,Irrigated,3,D1B,117,3,130,-,Samp,5,2
"CS650(131,1)",VolumetricWaterContent,250,Irrigated,3,D2,117,3,131,mm3/mm3,Samp,5,3
"CS650(131,2)",ElectricalConductivity,250,Irrigated,3,D2,117,3,131,dS/m,Samp,5,3
"CS650(131,3)",Temperature,250,Irrigated,3,D2,117,3,131,oC,Samp,5,3
"CS650(131,4)",Permittivity,250,Irrigated,3,D2,117,3,131,-,Samp,5,3
"CS650(131,5)",Period,250,Irrigated,3,D2,117,3,131,uSec,Samp,5,3
"CS650(131,6)",VoltageRatio,250,Irrigated,3,D2,117,3,131,-,Samp,5,3
"CS650(132,1)",VolumetricWaterContent,250,Irrigated,3,D3,117,3,132,mm3/mm3,Samp,5,4
"CS650(132,2)",ElectricalConductivity,250,Irrigated,3,D3,117,3,132,dS/m,Samp,5,4
"CS650(132,3)",Temperature,250,Irrigated,3,D3,117,3,132,oC,Samp,5,4
"CS650(132,4)",Permittivity,250,Irrigated,3,D3,117,3,132,-,Samp,5,4
"CS650(132,5)",Period,250,Irrigated,3,D3,117,3,132,uSec,Samp,5,4
"CS650(132,6)",VoltageRatio,250,Irrigated,3,D3,117,3,132,-,Samp,5,4
"CS650(133,1)",VolumetricWaterContent,250,Irrigated,3,D4,117,3,133,mm3/mm3,Samp,5,5
"CS650(133,2)",ElectricalConductivity,250,Irrigated,3,D4,117,3,133,dS/m,Samp,5,5
"CS650(133,3)",Temperature,250,Irrigated,3,D4,117,3,133,oC,Samp,5,5
"CS650(133,4)",Permittivity,250,Irrigated,3,D4,117,3,133,-,Samp,5,5
"CS650(133,5)",Period,250,Irrigated,3,D4,117,3,133,uSec,Samp,5,5
"CS650(133,6)",VoltageRatio,250,Irrigated,3,D4,117,3,133,-,Samp,5,5
"CS650(134,1)",VolumetricWaterContent,250,Irrigated,3,D5,117,3,134,mm3/mm3,Samp,5,6
"CS650(134,2)",ElectricalConductivity,250,Irrigated,3,D5,117,3,134,dS/m,Samp,5,6
"CS650(134,3)",Temperature,250,Irrigated,3,D5,117,3,134,oC,Samp,5,6
"CS650(134,4)",Permittivity,250,Irrigated,3,D5,117,3,134,-,Samp,5,6
"CS650(134,5)",Period,250,Irrigated,3,D5,117,3,134,uSec,Samp,5,6
"CS650(134,6)",VoltageRatio,250,Irrigated,3,D5,117,3,134,-,Samp,5,6
"CS650(135,1)",VolumetricWaterContent,250,Irrigated,3,D6,117,3,135,mm3/mm3,Samp,5,7
"CS650(135,2)",ElectricalConductivity,250,Irrigated,3,D6,117,3,135,dS/m,Samp,5,7
"CS650(135,3)",Temperature,250,Irrigated,3,D6,117,3,135,oC,Samp,5,7
"CS650(135,4)",Permittivity,250,Irrigated,3,D6,117,3,135,-,Samp,5,7
"CS650(135,5)",Period,250,Irrigated,3,D6,117,3,135,uSec,Samp,5,7
"CS650(135,6)",VoltageRatio,250,Irrigated,3,D6,117,3,135,-,Samp,5,7
"CS650(136,1)",VolumetricWaterContent,250,Irrigated,3,D7,117,3,136,mm3/mm3,Samp,5,8
"CS650(136,2)",ElectricalConductivity,250,Irrigated,3,D7,117,3,136,dS/m,Samp,5,8
"CS650(136,3)",Temperature,250,Irrigated,3,D7,117,3,136,oC,Samp,5,8
"CS650(136,4)",Permittivity,250,Irrigated,3,D7,117,3,136,-,Samp,5,8
"CS650(136,5)",Period,250,Irrigated,3,D7,117,3,136,uSec,Samp,5,8
"CS650(136,6)",VoltageRatio,250,Irrigated,3,D7,117,3,136,-,Samp,5,8
"CS650(137,1)",VolumetricWaterContent,50,Dryland,4,D1I,118,3,137,mm3/mm3,Samp,5,9
"CS650(137,2)",ElectricalConductivity,50,Dryland,4,D1I,118,3,137,dS/m,Samp,5,9
"CS650(137,3)",Temperature,50,Dryland,4,D1I,118,3,137,oC,Samp,5,9
"CS650(137,4)",Permittivity,50,Dryland,4,D1I,118,3,137,-,Samp,5,9
"CS650(137,5)",Period,50,Dryland,4,D1I,118,3,137,uSec,Samp,5,9
"CS650(137,6)",VoltageRatio,50,Dryland,4,D1I,118,3,137,-,Samp,5,9
"CS650(138,1)",VolumetricWaterContent,50,Dryland,4,D1B,118,3,138,mm3/mm3,Samp,5,10
"CS650(138,2)",ElectricalConductivity,50,Dryland,4,D1B,118,3,138,dS/m,Samp,5,10
"CS650(138,3)",Temperature,50,Dryland,4,D1B,118,3,138,oC,Samp,5,10
"CS650(138,4)",Permittivity,50,Dryland,4,D1B,118,3,138,-,Samp,5,10
"CS650(138,5)",Period,50,Dryland,4,D1B,118,3,138,uSec,Samp,5,10
"CS650(138,6)",VoltageRatio,50,Dryland,4,D1B,118,3,138,-,Samp,5,10
"CS650(139,1)",VolumetricWaterContent,50,Dryland,4,D2,118,3,139,mm3/mm3,Samp,5,11
"CS650(139,2)",ElectricalConductivity,50,Dryland,4,D2,118,3,139,dS/m,Samp,5,11
"CS650(139,3)",Temperature,50,Dryland,4,D2,118,3,139,oC,Samp,5,11
"CS650(139,4)",Permittivity,50,Dryland,4,D2,118,3,139,-,Samp,5,11
"CS650(139,5)",Period,50,Dryland,4,D2,118,3,139,uSec,Samp,5,11
"CS650(139,6)",VoltageRatio,50,Dryland,4,D2,118,3,139,-,Samp,5,11
"CS650(140,1)",VolumetricWaterContent,50,Dryland,4,D3,118,3,140,mm3/mm3,Samp,5,12
"CS650(140,2)",ElectricalConductivity,50,Dryland,4,D3,118,3,140,dS/m,Samp,5,12
"CS650(140,3)",Temperature,50,Dryland,4,D3,118,3,140,oC,Samp,5,12
"CS650(140,4)",Permittivity,50,Dryland,4,D3,118,3,140,-,Samp,5,12
"CS650(140,5)",Period,50,Dryland,4,D3,118,3,140,uSec,Samp,5,12
"CS650(140,6)",VoltageRatio,50,Dryland,4,D3,118,3,140,-,Samp,5,12
"CS650(141,1)",VolumetricWaterContent,50,Dryland,4,D4,118,3,141,mm3/mm3,Samp,5,13
"CS650(141,2)",ElectricalConductivity,50,Dryland,4,D4,118,3,141,dS/m,Samp,5,13
"CS650(141,3)",Temperature,50,Dryland,4,D4,118,3,141,oC,Samp,5,13
"CS650(141,4)",Permittivity,50,Dryland,4,D4,118,3,141,-,Samp,5,13
"CS650(141,5)",Period,50,Dryland,4,D4,118,3,141,uSec,Samp,5,13
"CS650(141,6)",VoltageRatio,50,Dryland,4,D4,118,3,141,-,Samp,5,13
"CS650(142,1)",VolumetricWaterContent,50,Dryland,4,D5,118,3,142,mm3/mm3,Samp,5,14
"CS650(142,2)",ElectricalConductivity,50,Dryland,4,D5,118,3,142,dS/m,Samp,5,14
"CS650(142,3)",Temperature,50,Dryland,4,D5,118,3,142,oC,Samp,5,14
"CS650(142,4)",Permittivity,50,Dryland,4,D5,118,3,142,-,Samp,5,14
"CS650(142,5)",Period,50,Dryland,4,D5,118,3,142,uSec,Samp,5,14
"CS650(142,6)",VoltageRatio,50,Dryland,4,D5,118,3,142,-,Samp,5,14
"CS650(143,1)",VolumetricWaterContent,50,Dryland,4,D6,118,3,143,mm3/mm3,Samp,5,15
"CS650(143,2)",ElectricalConductivity,50,Dryland,4,D6,118,3,143,dS/m,Samp,5,15
"CS650(143,3)",Temperature,50,Dryland,4,D6,118,3,143,oC,Samp,5,15
"CS650(143,4)",Permittivity,50,Dryland,4,D6,118,3,143,-,Samp,5,15
"CS650(143,5)",Period,50,Dryland,4,D6,118,3,143,uSec,Samp,5,15
"CS650(143,6)",VoltageRatio,50,Dryland,4,D6,118,3,143,-,Samp,5,15
"CS650(144,1)",VolumetricWaterContent,50,Dryland,4,D7,118,3,144,mm3/mm3,Samp,5,16
"CS650(144,2)",ElectricalConductivity,50,Dryland,4,D7,118,3,144,dS/m,Samp,5,16
"CS650(144,3)",Temperature,50,Dryland,4,D7,118,3,144,oC,Samp,5,16
"CS650(144,4)",Permittivity,50,Dryland,4,D7,118,3,144,-,Samp,5,16
"CS650(144,5)",Period,50,Dryland,4,D7,118,3,144,uSec,Samp,5,16
"CS650(144,6)",VoltageRatio,50,Dryland,4,D7,118,3,144,-,Samp,5,16
"CS650(145,1)",VolumetricWaterContent,50,Irrigated,1,D1I,119,4,145,mm3/mm3,Samp,5,17
"CS650(145,2)",ElectricalConductivity,50,Irrigated,1,D1I,119,4,145,dS/m,Samp,5,17
"CS650(145,3)",Temperature,50,Irrigated,1,D1I,119,4,145,oC,Samp,5,17
"CS650(145,4)",Permittivity,50,Irrigated,1,D1I,119,4,145,-,Samp,5,17
"CS650(145,5)",Period,50,Irrigated,1,D1I,119,4,145,uSec,Samp,5,17
"CS650(145,6)",VoltageRatio,50,Irrigated,1,D1I,119,4,145,-,Samp,5,17
"CS650(146,1)",VolumetricWaterContent,50,Irrigated,1,D1B,119,4,146,mm3/mm3,Samp,5,18
"CS650(146,2)",ElectricalConductivity,50,Irrigated,1,D1B,119,4,146,dS/m,Samp,5,18
"CS650(146,3)",Temperature,50,Irrigated,1,D1B,119,4,146,oC,Samp,5,18
"CS650(146,4)",Permittivity,50,Irrigated,1,D1B,119,4,146,-,Samp,5,18
"CS650(146,5)",Period,50,Irrigated,1,D1B,119,4,146,uSec,Samp,5,18
"CS650(146,6)",VoltageRatio,50,Irrigated,1,D1B,119,4,146,-,Samp,5,18
"CS650(147,1)",VolumetricWaterContent,50,Irrigated,1,D2,119,4,147,mm3/mm3,Samp,5,19
"CS650(147,2)",ElectricalConductivity,50,Irrigated,1,D2,119,4,147,dS/m,Samp,5,19
"CS650(147,3)",Temperature,50,Irrigated,1,D2,119,4,147,oC,Samp,5,19
"CS650(147,4)",Permittivity,50,Irrigated,1,D2,119,4,147,-,Samp,5,19
"CS650(147,5)",Period,50,Irrigated,1,D2,119,4,147,uSec,Samp,5,19
"CS650(147,6)",VoltageRatio,50,Irrigated,1,D2,119,4,147,-,Samp,5,19
"CS650(148,1)",VolumetricWaterContent,50,Irrigated,1,D3,119,4,148,mm3/mm3,Samp,5,20
"CS650(148,2)",ElectricalConductivity,50,Irrigated,1,D3,119,4,148,dS/m,Samp,5,20
"CS650(148,3)",Temperature,50,Irrigated,1,D3,119,4,148,oC,Samp,5,20
"CS650(148,4)",Permittivity,50,Irrigated,1,D3,119,4,148,-,Samp,5,20
"CS650(148,5)",Period,50,Irrigated,1,D3,119,4,148,uSec,Samp,5,20
"CS650(148,6)",VoltageRatio,50,Irrigated,1,D3,119,4,148,-,Samp,5,20
"CS650(149,1)",VolumetricWaterContent,50,Irrigated,1,D4,119,4,149,mm3/mm3,Samp,5,21
"CS650(149,2)",ElectricalConductivity,50,Irrigated,1,D4,119,4,149,dS/m,Samp,5,21
"CS650(149,3)",Temperature,50,Irrigated,1,D4,119,4,149,oC,Samp,5,21
"CS650(149,4)",Permittivity,50,Irrigated,1,D4,119,4,149,-,Samp,5,21
"CS650(149,5)",Period,50,Irrigated,1,D4,119,4,149,uSec,Samp,5,21
"CS650(149,6)",VoltageRatio,50,Irrigated,1,D4,119,4,149,-,Samp,5,21
"CS650(150,1)",VolumetricWaterContent,50,Irrigated,1,D5,119,4,150,mm3/mm3,Samp,5,22
"CS650(150,2)",ElectricalConductivity,50,Irrigated,1,D5,119,4,150,dS/m,Samp,5,22
"CS650(150,3)",Temperature,50,Irrigated,1,D5,119,4,150,oC,Samp,5,22
"CS650(150,4)",Permittivity,50,Irrigated,1,D5,119,4,150,-,Samp,5,22
"CS650(150,5)",Period,50,Irrigated,1,D5,119,4,150,uSec,Samp,5,22
"CS650(150,6)",VoltageRatio,50,Irrigated,1,D5,119,4,150,-,Samp,5,22
"CS650(151,1)",VolumetricWaterContent,50,Irrigated,1,D6,119,4,151,mm3/mm3,Samp,5,23
"CS650(151,2)",ElectricalConductivity,50,Irrigated,1,D6,119,4,151,dS/m,Samp,5,23
"CS650(151,3)",Temperature,50,Irrigated,1,D6,119,4,151,oC,Samp,5,23
"CS650(151,4)",Permittivity,50,Irrigated,1,D6,119,4,151,-,Samp,5,23
"CS650(151,5)",Period,50,Irrigated,1,D6,119,4,151,uSec,Samp,5,23
"CS650(151,6)",VoltageRatio,50,Irrigated,1,D6,119,4,151,-,Samp,5,23
"CS650(152,1)",VolumetricWaterContent,50,Irrigated,1,D7,119,4,152,mm3/mm3,Samp,5,24
"CS650(152,2)",ElectricalConductivity,50,Irrigated,1,D7,119,4,152,dS/m,Samp,5,24
"CS650(152,3)",Temperature,50,Irrigated,1,D7,119,4,152,oC,Samp,5,24
"CS650(152,4)",Permittivity,50,Irrigated,1,D7,119,4,152,-,Samp,5,24
"CS650(152,5)",Period,50,Irrigated,1,D7,119,4,152,uSec,Samp,5,24
"CS650(152,6)",VoltageRatio,50,Irrigated,1,D7,119,4,152,-,Samp,5,24
"CS650(153,1)",VolumetricWaterContent,50,Dryland,3,D1I,120,4,153,mm3/mm3,Samp,5,25
"CS650(153,2)",ElectricalConductivity,50,Dryland,3,D1I,120,4,153,dS/m,Samp,5,25
"CS650(153,3)",Temperature,50,Dryland,3,D1I,120,4,153,oC,Samp,5,25
"CS650(153,4)",Permittivity,50,Dryland,3,D1I,120,4,153,-,Samp,5,25
"CS650(153,5)",Period,50,Dryland,3,D1I,120,4,153,uSec,Samp,5,25
"CS650(153,6)",VoltageRatio,50,Dryland,3,D1I,120,4,153,-,Samp,5,25
"CS650(154,1)",VolumetricWaterContent,50,Dryland,3,D1B,120,4,154,mm3/mm3,Samp,5,26
"CS650(154,2)",ElectricalConductivity,50,Dryland,3,D1B,120,4,154,dS/m,Samp,5,26
"CS650(154,3)",Temperature,50,Dryland,3,D1B,120,4,154,oC,Samp,5,26
"CS650(154,4)",Permittivity,50,Dryland,3,D1B,120,4,154,-,Samp,5,26
"CS650(154,5)",Period,50,Dryland,3,D1B,120,4,154,uSec,Samp,5,26
"CS650(154,6)",VoltageRatio,50,Dryland,3,D1B,120,4,154,-,Samp,5,26
"CS650(155,1)",VolumetricWaterContent,50,Dryland,3,D2,120,4,155,mm3/mm3,Samp,5,27
"CS650(155,2)",ElectricalConductivity,50,Dryland,3,D2,120,4,155,dS/m,Samp,5,27
"CS650(155,3)",Temperature,50,Dryland,3,D2,120,4,155,oC,Samp,5,27
"CS650(155,4)",Permittivity,50,Dryland,3,D2,120,4,155,-,Samp,5,27
"CS650(155,5)",Period,50,Dryland,3,D2,120,4,155,uSec,Samp,5,27
"CS650(155,6)",VoltageRatio,50,Dryland,3,D2,120,4,155,-,Samp,5,27
"CS650(156,1)",VolumetricWaterContent,50,Dryland,3,D3,120,4,156,mm3/mm3,Samp,5,28
"CS650(156,2)",ElectricalConductivity,50,Dryland,3,D3,120,4,156,dS/m,Samp,5,28
"CS650(156,3)",Temperature,50,Dryland,3,D3,120,4,156,oC,Samp,5,28
"CS650(156,4)",Permittivity,50,Dryland,3,D3,120,4,156,-,Samp,5,28
"CS650(156,5)",Period,50,Dryland,3,D3,120,4,156,uSec,Samp,5,28
"CS650(156,6)",VoltageRatio,50,Dryland,3,D3,120,4,156,-,Samp,5,28
"CS650(157,1)",VolumetricWaterContent,50,Dryland,3,D4,120,4,157,mm3/mm3,Samp,5,29
"CS650(157,2)",ElectricalConductivity,50,Dryland,3,D4,120,4,157,dS/m,Samp,5,29
"CS650(157,3)",Temperature,50,Dryland,3,D4,120,4,157,oC,Samp,5,29
"CS650(157,4)",Permittivity,50,Dryland,3,D4,120,4,157,-,Samp,5,29
"CS650(157,5)",Period,50,Dryland,3,D4,120,4,157,uSec,Samp,5,29
"CS650(157,6)",VoltageRatio,50,Dryland,3,D4,120,4,157,-,Samp,5,29
"CS650(158,1)",VolumetricWaterContent,50,Dryland,3,D5,120,4,158,mm3/mm3,Samp,5,30
"CS650(158,2)",ElectricalConductivity,50,Dryland,3,D5,120,4,158,dS/m,Samp,5,30
"CS650(158,3)",Temperature,50,Dryland,3,D5,120,4,158,oC,Samp,5,30
"CS650(158,4)",Permittivity,50,Dryland,3,D5,120,4,158,-,Samp,5,30
"CS650(158,5)",Period,50,Dryland,3,D5,120,4,158,uSec,Samp,5,30
"CS650(158,6)",VoltageRatio,50,Dryland,3,D5,120,4,158,-,Samp,5,30
"CS650(159,1)",VolumetricWaterContent,50,Dryland,3,D6,120,4,159,mm3/mm3,Samp,5,31
"CS650(159,2)",ElectricalConductivity,50,Dryland,3,D6,120,4,159,dS/m,Samp,5,31
"CS650(159,3)",Temperature,50,Dryland,3,D6,120,4,159,oC,Samp,5,31
"CS650(159,4)",Permittivity,50,Dryland,3,D6,120,4,159,-,Samp,5,31
"CS650(159,5)",Period,50,Dryland,3,D6,120,4,159,uSec,Samp,5,31
"CS650(159,6)",VoltageRatio,50,Dryland,3,D6,120,4,159,-,Samp,5,31
"CS650(160,1)",VolumetricWaterContent,50,Dryland,3,D7,120,4,160,mm3/mm3,Samp,5,32
"CS650(160,2)",ElectricalConductivity,50,Dryland,3,D7,120,4,160,dS/m,Samp,5,32
"CS650(160,3)",Temperature,50,Dryland,3,D7,120,4,160,oC,Samp,5,32
"CS650(160,4)",Permittivity,50,Dryland,3,D7,120,4,160,-,Samp,5,32
"CS650(160,5)",Period,50,Dryland,3,D7,120,4,160,uSec,Samp,5,32
"CS650(160,6)",VoltageRatio,50,Dryland,3,D7,120,4,160,-,Samp,5,32
"CS650(161,1)",VolumetricWaterContent,0,Dryland,4,D1I,121,4,161,mm3/mm3,Samp,6,1
"CS650(161,2)",ElectricalConductivity,0,Dryland,4,D1I,121,4,161,dS/m,Samp,6,1
"CS650(161,3)",Temperature,0,Dryland,4,D1I,121,4,161,oC,Samp,6,1
"CS650(161,4)",Permittivity,0,Dryland,4,D1I,121,4,161,-,Samp,6,1
"CS650(161,5)",Period,0,Dryland,4,D1I,121,4,161,uSec,Samp,6,1
"CS650(161,6)",VoltageRatio,0,Dryland,4,D1I,121,4,161,-,Samp,6,1
"CS650(162,1)",VolumetricWaterContent,0,Dryland,4,D1B,121,4,162,mm3/mm3,Samp,6,2
"CS650(162,2)",ElectricalConductivity,0,Dryland,4,D1B,121,4,162,dS/m,Samp,6,2
"CS650(162,3)",Temperature,0,Dryland,4,D1B,121,4,162,oC,Samp,6,2
"CS650(162,4)",Permittivity,0,Dryland,4,D1B,121,4,162,-,Samp,6,2
"CS650(162,5)",Period,0,Dryland,4,D1B,121,4,162,uSec,Samp,6,2
"CS650(162,6)",VoltageRatio,0,Dryland,4,D1B,121,4,162,-,Samp,6,2
"CS650(163,1)",VolumetricWaterContent,0,Dryland,4,D2,121,4,163,mm3/mm3,Samp,6,3
"CS650(163,2)",ElectricalConductivity,0,Dryland,4,D2,121,4,163,dS/m,Samp,6,3
"CS650(163,3)",Temperature,0,Dryland,4,D2,121,4,163,oC,Samp,6,3
"CS650(163,4)",Permittivity,0,Dryland,4,D2,121,4,163,-,Samp,6,3
"CS650(163,5)",Period,0,Dryland,4,D2,121,4,163,uSec,Samp,6,3
"CS650(163,6)",VoltageRatio,0,Dryland,4,D2,121,4,163,-,Samp,6,3
"CS650(164,1)",VolumetricWaterContent,0,Dryland,4,D3,121,4,164,mm3/mm3,Samp,6,4
"CS650(164,2)",ElectricalConductivity,0,Dryland,4,D3,121,4,164,dS/m,Samp,6,4
"CS650(164,3)",Temperature,0,Dryland,4,D3,121,4,164,oC,Samp,6,4
"CS650(164,4)",Permittivity,0,Dryland,4,D3,121,4,164,-,Samp,6,4
"CS650(164,5)",Period,0,Dryland,4,D3,121,4,164,uSec,Samp,6,4
"CS650(164,6)",VoltageRatio,0,Dryland,4,D3,121,4,164,-,Samp,6,4
"CS650(165,1)",VolumetricWaterContent,0,Dryland,4,D4,121,4,165,mm3/mm3,Samp,6,5
"CS650(165,2)",ElectricalConductivity,0,Dryland,4,D4,121,4,165,dS/m,Samp,6,5
"CS650(165,3)",Temperature,0,Dryland,4,D4,121,4,165,oC,Samp,6,5
"CS650(165,4)",Permittivity,0,Dryland,4,D4,121,4,165,-,Samp,6,5
"CS650(165,5)",Period,0,Dryland,4,D4,121,4,165,uSec,Samp,6,5
"CS650(165,6)",VoltageRatio,0,Dryland,4,D4,121,4,165,-,Samp,6,5
"CS650(166,1)",VolumetricWaterContent,0,Dryland,4,D5,121,4,166,mm3/mm3,Samp,6,6
"CS650(166,2)",ElectricalConductivity,0,Dryland,4,D5,121,4,166,dS/m,Samp,6,6
"CS650(166,3)",Temperature,0,Dryland,4,D5,121,4,166,oC,Samp,6,6
"CS650(166,4)",Permittivity,0,Dryland,4,D5,121,4,166,-,Samp,6,6
"CS650(166,5)",Period,0,Dryland,4,D5,121,4,166,uSec,Samp,6,6
"CS650(166,6)",VoltageRatio,0,Dryland,4,D5,121,4,166,-,Samp,6,6
"CS650(167,1)",VolumetricWaterContent,0,Dryland,4,D6,121,4,167,mm3/mm3,Samp,6,7
"CS650(167,2)",ElectricalConductivity,0,Dryland,4,D6,121,4,167,dS/m,Samp,6,7
"CS650(167,3)",Temperature,0,Dryland,4,D6,121,4,167,oC,Samp,6,7
"CS650(167,4)",Permittivity,0,Dryland,4,D6,121,4,167,-,Samp,6,7
"CS650(167,5)",Period,0,Dryland,4,D6,121,4,167,uSec,Samp,6,7
"CS650(167,6)",VoltageRatio,0,Dryland,4,D6,121,4,167,-,Samp,6,7
"CS650(168,1)",VolumetricWaterContent,0,Dryland,4,D7,121,4,168,mm3/mm3,Samp,6,8
"CS650(168,2)",ElectricalConductivity,0,Dryland,4,D7,121,4,168,dS/m,Samp,6,8
"CS650(168,3)",Temperature,0,Dryland,4,D7,121,4,168,oC,Samp,6,8
"CS650(168,4)",Permittivity,0,Dryland,4,D7,121,4,168,-,Samp,6,8
"CS650(168,5)",Period,0,Dryland,4,D7,121,4,168,uSec,Samp,6,8
"CS650(168,6)",VoltageRatio,0,Dryland,4,D7,121,4,168,-,Samp,6,8
"CS650(169,1)",VolumetricWaterContent,0,Irrigated,6,D1I,122,4,169,mm3/mm3,Samp,6,9
"CS650(169,2)",ElectricalConductivity,0,Irrigated,6,D1I,122,4,169,dS/m,Samp,6,9
"CS650(169,3)",Temperature,0,Irrigated,6,D1I,122,4,169,oC,Samp,6,9
"CS650(169,4)",Permittivity,0,Irrigated,6,D1I,122,4,169,-,Samp,6,9
"CS650(169,5)",Period,0,Irrigated,6,D1I,122,4,169,uSec,Samp,6,9
"CS650(169,6)",VoltageRatio,0,Irrigated,6,D1I,122,4,169,-,Samp,6,9
"CS650(170,1)",VolumetricWaterContent,0,Irrigated,6,D1B,122,4,170,mm3/mm3,Samp,6,10
"CS650(170,2)",ElectricalConductivity,0,Irrigated,6,D1B,122,4,170,dS/m,Samp,6,10
"CS650(170,3)",Temperature,0,Irrigated,6,D1B,122,4,170,oC,Samp,6,10
"CS650(170,4)",Permittivity,0,Irrigated,6,D1B,122,4,170,-,Samp,6,10
"CS650(170,5)",Period,0,Irrigated,6,D1B,122,4,170,uSec,Samp,6,10
"CS650(170,6)",VoltageRatio,0,Irrigated,6,D1B,122,4,170,-,Samp,6,10
"CS650(171,1)",VolumetricWaterContent,0,Irrigated,6,D2,122,4,171,mm3/mm3,Samp,6,11
"CS650(171,2)",ElectricalConductivity,0,Irrigated,6,D2,122,4,171,dS/m,Samp,6,11
"CS650(171,3)",Temperature,0,Irrigated,6,D2,122,4,171,oC,Samp,6,11
"CS650(171,4)",Permittivity,0,Irrigated,6,D2,122,4,171,-,Samp,6,11
"CS650(171,5)",Period,0,Irrigated,6,D2,122,4,171,uSec,Samp,6,11
"CS650(171,6)",VoltageRatio,0,Irrigated,6,D2,122,4,171,-,Samp,6,11
"CS650(172,1)",VolumetricWaterContent,0,Irrigated,6,D3,122,4,172,mm3/mm3,Samp,6,12
"CS650(172,2)",ElectricalConductivity,0,Irrigated,6,D3,122,4,172,dS/m,Samp,6,12
"CS650(172,3)",Temperature,0,Irrigated,6,D3,122,4,172,oC,Samp,6,12
"CS650(172,4)",Permittivity,0,Irrigated,6,D3,122,4,172,-,Samp,6,12
"CS650(172,5)",Period,0,Irrigated,6,D3,122,4,172,uSec,Samp,6,12
"CS650(172,6)",VoltageRatio,0,Irrigated,6,D3,122,4,172,-,Samp,6,12
"CS650(173,1)",VolumetricWaterContent,0,Irrigated,6,D4,122,4,173,mm3/mm3,Samp,6,13
"CS650(173,2)",ElectricalConductivity,0,Irrigated,6,D4,122,4,173,dS/m,Samp,6,13
"CS650(173,3)",Temperature,0,Irrigated,6,D4,122,4,173,oC,Samp,6,13
"CS650(173,4)",Permittivity,0,Irrigated,6,D4,122,4,173,-,Samp,6,13
"CS650(173,5)",Period,0,Irrigated,6,D4,122,4,173,uSec,Samp,6,13
"CS650(173,6)",VoltageRatio,0,Irrigated,6,D4,122,4,173,-,Samp,6,13
"CS650(174,1)",VolumetricWaterContent,0,Irrigated,6,D5,122,4,174,mm3/mm3,Samp,6,14
"CS650(174,2)",ElectricalConductivity,0,Irrigated,6,D5,122,4,174,dS/m,Samp,6,14
"CS650(174,3)",Temperature,0,Irrigated,6,D5,122,4,174,oC,Samp,6,14
"CS650(174,4)",Permittivity,0,Irrigated,6,D5,122,4,174,-,Samp,6,14
"CS650(174,5)",Period,0,Irrigated,6,D5,122,4,174,uSec,Samp,6,14
"CS650(174,6)",VoltageRatio,0,Irrigated,6,D5,122,4,174,-,Samp,6,14
"CS650(175,1)",VolumetricWaterContent,0,Irrigated,6,D6,122,4,175,mm3/mm3,Samp,6,15
"CS650(175,2)",ElectricalConductivity,0,Irrigated,6,D6,122,4,175,dS/m,Samp,6,15
"CS650(175,3)",Temperature,0,Irrigated,6,D6,122,4,175,oC,Samp,6,15
"CS650(175,4)",Permittivity,0,Irrigated,6,D6,122,4,175,-,Samp,6,15
"CS650(175,5)",Period,0,Irrigated,6,D6,122,4,175,uSec,Samp,6,15
"CS650(175,6)",VoltageRatio,0,Irrigated,6,D6,122,4,175,-,Samp,6,15
"CS650(176,1)",VolumetricWaterContent,0,Irrigated,6,D7,122,4,176,mm3/mm3,Samp,6,16
"CS650(176,2)",ElectricalConductivity,0,Irrigated,6,D7,122,4,176,dS/m,Samp,6,16
"CS650(176,3)",Temperature,0,Irrigated,6,D7,122,4,176,oC,Samp,6,16
"CS650(176,4)",Permittivity,0,Irrigated,6,D7,122,4,176,-,Samp,6,16
"CS650(176,5)",Period,0,Irrigated,6,D7,122,4,176,uSec,Samp,6,16
"CS650(176,6)",VoltageRatio,0,Irrigated,6,D7,122,4,176,-,Samp,6,16
"CS650(177,1)",VolumetricWaterContent,250,Irrigated,2,D1I,123,4,177,mm3/mm3,Samp,6,17
"CS650(177,2)",ElectricalConductivity,250,Irrigated,2,D1I,123,4,177,dS/m,Samp,6,17
"CS650(177,3)",Temperature,250,Irrigated,2,D1I,123,4,177,oC,Samp,6,17
"CS650(177,4)",Permittivity,250,Irrigated,2,D1I,123,4,177,-,Samp,6,17
"CS650(177,5)",Period,250,Irrigated,2,D1I,123,4,177,uSec,Samp,6,17
"CS650(177,6)",VoltageRatio,250,Irrigated,2,D1I,123,4,177,-,Samp,6,17
"CS650(178,1)",VolumetricWaterContent,250,Irrigated,2,D1B,123,4,178,mm3/mm3,Samp,6,18
"CS650(178,2)",ElectricalConductivity,250,Irrigated,2,D1B,123,4,178,dS/m,Samp,6,18
"CS650(178,3)",Temperature,250,Irrigated,2,D1B,123,4,178,oC,Samp,6,18
"CS650(178,4)",Permittivity,250,Irrigated,2,D1B,123,4,178,-,Samp,6,18
"CS650(178,5)",Period,250,Irrigated,2,D1B,123,4,178,uSec,Samp,6,18
"CS650(178,6)",VoltageRatio,250,Irrigated,2,D1B,123,4,178,-,Samp,6,18
"CS650(179,1)",VolumetricWaterContent,250,Irrigated,2,D2,123,4,179,mm3/mm3,Samp,6,19
"CS650(179,2)",ElectricalConductivity,250,Irrigated,2,D2,123,4,179,dS/m,Samp,6,19
"CS650(179,3)",Temperature,250,Irrigated,2,D2,123,4,179,oC,Samp,6,19
"CS650(179,4)",Permittivity,250,Irrigated,2,D2,123,4,179,-,Samp,6,19
"CS650(179,5)",Period,250,Irrigated,2,D2,123,4,179,uSec,Samp,6,19
"CS650(179,6)",VoltageRatio,250,Irrigated,2,D2,123,4,179,-,Samp,6,19
"CS650(180,1)",VolumetricWaterContent,250,Irrigated,2,D3,123,4,180,mm3/mm3,Samp,6,20
"CS650(180,2)",ElectricalConductivity,250,Irrigated,2,D3,123,4,180,dS/m,Samp,6,20
"CS650(180,3)",Temperature,250,Irrigated,2,D3,123,4,180,oC,Samp,6,20
"CS650(180,4)",Permittivity,250,Irrigated,2,D3,123,4,180,-,Samp,6,20
"CS650(180,5)",Period,250,Irrigated,2,D3,123,4,180,uSec,Samp,6,20
"CS650(180,6)",VoltageRatio,250,Irrigated,2,D3,123,4,180,-,Samp,6,20
"CS650(181,1)",VolumetricWaterContent,250,Irrigated,2,D4,123,4,181,mm3/mm3,Samp,6,21
"CS650(181,2)",ElectricalConductivity,250,Irrigated,2,D4,123,4,181,dS/m,Samp,6,21
"CS650(181,3)",Temperature,250,Irrigated,2,D4,123,4,181,oC,Samp,6,21
"CS650(181,4)",Permittivity,250,Irrigated,2,D4,123,4,181,-,Samp,6,21
"CS650(181,5)",Period,250,Irrigated,2,D4,123,4,181,uSec,Samp,6,21
"CS650(181,6)",VoltageRatio,250,Irrigated,2,D4,123,4,181,-,Samp,6,21
"CS650(182,1)",VolumetricWaterContent,250,Irrigated,2,D5,123,4,182,mm3/mm3,Samp,6,22
"CS650(182,2)",ElectricalConductivity,250,Irrigated,2,D5,123,4,182,dS/m,Samp,6,22
"CS650(182,3)",Temperature,250,Irrigated,2,D5,123,4,182,oC,Samp,6,22
"CS650(182,4)",Permittivity,250,Irrigated,2,D5,123,4,182,-,Samp,6,22
"CS650(182,5)",Period,250,Irrigated,2,D5,123,4,182,uSec,Samp,6,22
"CS650(182,6)",VoltageRatio,250,Irrigated,2,D5,123,4,182,-,Samp,6,22
"CS650(183,1)",VolumetricWaterContent,250,Irrigated,2,D6,123,4,183,mm3/mm3,Samp,6,23
"CS650(183,2)",ElectricalConductivity,250,Irrigated,2,D6,123,4,183,dS/m,Samp,6,23
"CS650(183,3)",Temperature,250,Irrigated,2,D6,123,4,183,oC,Samp,6,23
"CS650(183,4)",Permittivity,250,Irrigated,2,D6,123,4,183,-,Samp,6,23
"CS650(183,5)",Period,250,Irrigated,2,D6,123,4,183,uSec,Samp,6,23
"CS650(183,6)",VoltageRatio,250,Irrigated,2,D6,123,4,183,-,Samp,6,23
"CS650(184,1)",VolumetricWaterContent,250,Irrigated,2,D7,123,4,184,mm3/mm3,Samp,6,24
"CS650(184,2)",ElectricalConductivity,250,Irrigated,2,D7,123,4,184,dS/m,Samp,6,24
"CS650(184,3)",Temperature,250,Irrigated,2,D7,123,4,184,oC,Samp,6,24
"CS650(184,4)",Permittivity,250,Irrigated,2,D7,123,4,184,-,Samp,6,24
"CS650(184,5)",Period,250,Irrigated,2,D7,123,4,184,uSec,Samp,6,24
"CS650(184,6)",VoltageRatio,250,Irrigated,2,D7,123,4,184,-,Samp,6,24
"CS650(185,1)",VolumetricWaterContent,250,Dryland,5,D1I,124,4,185,mm3/mm3,Samp,6,25
"CS650(185,2)",ElectricalConductivity,250,Dryland,5,D1I,124,4,185,dS/m,Samp,6,25
"CS650(185,3)",Temperature,250,Dryland,5,D1I,124,4,185,oC,Samp,6,25
"CS650(185,4)",Permittivity,250,Dryland,5,D1I,124,4,185,-,Samp,6,25
"CS650(185,5)",Period,250,Dryland,5,D1I,124,4,185,uSec,Samp,6,25
"CS650(185,6)",VoltageRatio,250,Dryland,5,D1I,124,4,185,-,Samp,6,25
"CS650(186,1)",VolumetricWaterContent,250,Dryland,5,D1B,124,4,186,mm3/mm3,Samp,6,26
"CS650(186,2)",ElectricalConductivity,250,Dryland,5,D1B,124,4,186,dS/m,Samp,6,26
"CS650(186,3)",Temperature,250,Dryland,5,D1B,124,4,186,oC,Samp,6,26
"CS650(186,4)",Permittivity,250,Dryland,5,D1B,124,4,186,-,Samp,6,26
"CS650(186,5)",Period,250,Dryland,5,D1B,124,4,186,uSec,Samp,6,26
"CS650(186,6)",VoltageRatio,250,Dryland,5,D1B,124,4,186,-,Samp,6,26
"CS650(187,1)",VolumetricWaterContent,250,Dryland,5,D2,124,4,187,mm3/mm3,Samp,6,27
"CS650(187,2)",ElectricalConductivity,250,Dryland,5,D2,124,4,187,dS/m,Samp,6,27
"CS650(187,3)",Temperature,250,Dryland,5,D2,124,4,187,oC,Samp,6,27
"CS650(187,4)",Permittivity,250,Dryland,5,D2,124,4,187,-,Samp,6,27
"CS650(187,5)",Period,250,Dryland,5,D2,124,4,187,uSec,Samp,6,27
"CS650(187,6)",VoltageRatio,250,Dryland,5,D2,124,4,187,-,Samp,6,27
"CS650(188,1)",VolumetricWaterContent,250,Dryland,5,D3,124,4,188,mm3/mm3,Samp,6,28
"CS650(188,2)",ElectricalConductivity,250,Dryland,5,D3,124,4,188,dS/m,Samp,6,28
"CS650(188,3)",Temperature,250,Dryland,5,D3,124,4,188,oC,Samp,6,28
"CS650(188,4)",Permittivity,250,Dryland,5,D3,124,4,188,-,Samp,6,28
"CS650(188,5)",Period,250,Dryland,5,D3,124,4,188,uSec,Samp,6,28
"CS650(188,6)",VoltageRatio,250,Dryland,5,D3,124,4,188,-,Samp,6,28
"CS650(189,1)",VolumetricWaterContent,250,Dryland,5,D4,124,4,189,mm3/mm3,Samp,6,29
"CS650(189,2)",ElectricalConductivity,250,Dryland,5,D4,124,4,189,dS/m,Samp,6,29
"CS650(189,3)",Temperature,250,Dryland,5,D4,124,4,189,oC,Samp,6,29
"CS650(189,4)",Permittivity,250,Dryland,5,D4,124,4,189,-,Samp,6,29
"CS650(189,5)",Period,250,Dryland,5,D4,124,4,189,uSec,Samp,6,29
"CS650(189,6)",VoltageRatio,250,Dryland,5,D4,124,4,189,-,Samp,6,29
"CS650(190,1)",VolumetricWaterContent,250,Dryland,5,D5,124,4,190,mm3/mm3,Samp,6,30
"CS650(190,2)",ElectricalConductivity,250,Dryland,5,D5,124,4,190,dS/m,Samp,6,30
"CS650(190,3)",Temperature,250,Dryland,5,D5,124,4,190,oC,Samp,6,30
"CS650(190,4)",Permittivity,250,Dryland,5,D5,124,4,190,-,Samp,6,30
"CS650(190,5)",Period,250,Dryland,5,D5,124,4,190,uSec,Samp,6,30
"CS650(190,6)",VoltageRatio,250,Dryland,5,D5,124,4,190,-,Samp,6,30
"CS650(191,1)",VolumetricWaterContent,250,Dryland,5,D6,124,4,191,mm3/mm3,Samp,6,31
"CS650(191,2)",ElectricalConductivity,250,Dryland,5,D6,124,4,191,dS/m,Samp,6,31
"CS650(191,3)",Temperature,250,Dryland,5,D6,124,4,191,oC,Samp,6,31
"CS650(191,4)",Permittivity,250,Dryland,5,D6,124,4,191,-,Samp,6,31
"CS650(191,5)",Period,250,Dryland,5,D6,124,4,191,uSec,Samp,6,31
"CS650(191,6)",VoltageRatio,250,Dryland,5,D6,124,4,191,-,Samp,6,31
"CS650(192,1)",VolumetricWaterContent,250,Dryland,5,D7,124,4,192,mm3/mm3,Samp,6,32
"CS650(192,2)",ElectricalConductivity,250,Dryland,5,D7,124,4,192,dS/m,Samp,6,32
"CS650(192,3)",Temperature,250,Dryland,5,D7,124,4,192,oC,Samp,6,32
"CS650(192,4)",Permittivity,250,Dryland,5,D7,124,4,192,-,Samp,6,32
"CS650(192,5)",Period,250,Dryland,5,D7,124,4,192,uSec,Samp,6,32
"CS650(192,6)",VoltageRatio,250,Dryland,5,D7,124,4,192,-,Samp,6,32
